,Month,Consumer price index Index,"Consumer price index Monthly change, %","Consumer price index Annual change, %","Consumer price index Annualized rate, latest month, %","Consumer price index Annualized rate, 3 month, %","Consumer price index Annualized rate,  6 month, %",Consumer price index less housing cost Index,"Consumer price index less housing cost Monthly change, %","Consumer price index less housing cost Annual change, %","Consumer price index less housing cost Annualized rate, latest month, %","Consumer price index less housing cost Annualized rate, 3 month, %","Consumer price index less housing cost Annualized rate,  6 month, %"
0,1988M05,100.0,.,.,.,.,.,100.0,.,.,.,.,.
1,1988M06,103.4,3.40,.,49.4,.,.,103.8,3.80,.,56.4,.,.
2,1988M07,107.0,3.48,.,50.8,.,.,106.5,2.60,.,36.1,.,.
3,1988M08,109.3,2.15,.,29.1,42.7,.,108.7,2.07,.,27.8,39.6,.
4,1988M09,110.0,0.64,.,8.0,28.1,.,109.6,0.83,.,10.4,24.3,.
5,1988M10,110.4,0.36,.,4.5,13.3,.,110.1,0.46,.,5.6,14.2,.
6,1988M11,110.5,0.09,.,1.1,4.5,22.1,110.4,0.27,.,3.3,6.4,21.9
7,1988M12,110.7,0.18,.,2.2,2.6,14.6,110.9,0.45,.,5.6,4.8,14.1
8,1989M01,112.6,1.72,.,22.7,8.2,10.7,113.3,2.16,.,29.3,12.1,13.2
9,1989M02,114.2,1.42,.,18.4,14.1,9.2,114.8,1.32,.,17.1,16.9,11.5
10,1989M03,117.4,2.80,.,39.3,26.5,13.9,118.1,2.87,.,40.5,28.6,16.1
11,1989M04,119.9,2.13,.,28.8,28.6,18.0,120.6,2.12,.,28.6,28.4,20.0
12,1989M05,122.3,2.00,22.3,26.8,31.5,22.5,123.1,2.07,23.1,27.9,32.2,24.3
13,1989M06,125.9,2.94,21.8,41.6,32.3,29.3,126.9,3.09,22.3,44.0,33.3,30.9
14,1989M07,126.8,0.71,18.5,8.9,25.1,26.8,127.9,0.79,20.1,9.9,26.5,27.4
15,1989M08,128.5,1.34,17.6,17.3,21.9,26.6,130.1,1.72,19.7,22.7,24.8,28.4
16,1989M09,131.1,2.02,19.2,27.2,17.6,24.7,132.9,2.15,21.3,29.1,20.3,26.6
17,1989M10,133.7,1.98,21.1,26.6,23.6,24.3,135.0,1.58,22.6,20.7,24.1,25.3
18,1989M11,135.7,1.50,22.8,19.5,24.4,23.1,136.8,1.33,23.9,17.2,22.2,23.5
19,1989M12,138.6,2.14,25.2,28.9,24.9,21.2,139.8,2.19,26.1,29.7,22.4,21.4
20,1990M01,139.3,0.51,23.7,6.2,17.8,20.7,140.2,0.29,23.7,3.5,16.3,20.2
21,1990M02,141.5,1.58,23.9,20.7,18.2,21.3,141.8,1.14,23.5,14.6,15.4,18.8
22,1990M03,142.7,0.85,21.6,10.7,12.4,18.5,142.8,0.71,20.9,8.8,8.9,15.5
23,1990M04,143.1,0.28,19.3,3.4,11.4,14.6,143.4,0.42,18.9,5.2,9.4,12.8
24,1990M05,144.4,0.91,18.1,11.5,8.5,13.2,145.0,1.12,17.8,14.2,9.3,12.3
25,1990M06,145.4,0.69,15.5,8.6,7.8,10.1,146.1,0.76,15.1,9.5,9.6,9.2
26,1990M07,146.4,0.69,15.5,8.6,9.5,10.5,147.2,0.75,15.1,9.4,11.0,10.2
27,1990M08,146.8,0.27,14.2,3.3,6.8,7.6,148.4,0.82,14.1,10.2,9.7,9.5
28,1990M09,146.8,0.00,12.0,0.0,3.9,5.8,148.3,-0.07,11.6,-0.8,6.2,7.9
29,1990M10,147.2,0.27,10.1,3.3,2.2,5.8,149.0,0.47,10.4,5.8,5.0,8.0
30,1990M11,148.2,0.68,9.2,8.5,3.9,5.3,150.3,0.87,9.9,11.0,5.2,7.4
31,1990M12,148.6,0.27,7.2,3.3,5.0,4.5,150.7,0.27,7.8,3.2,6.6,6.4
32,1991M01,149.5,0.61,7.3,7.5,6.4,4.3,151.7,0.66,8.2,8.3,7.4,6.2
33,1991M02,150.0,0.33,6.0,4.1,4.9,4.4,152.2,0.33,7.3,4.0,5.2,5.2
34,1991M03,150.3,0.20,5.3,2.4,4.7,4.8,152.8,0.39,7.0,4.8,5.7,6.2
35,1991M04,151.0,0.47,5.5,5.7,4.1,5.2,153.2,0.26,6.8,3.2,4.0,5.7
36,1991M05,152.8,1.19,5.8,15.3,7.7,6.3,155.0,1.17,6.9,15.0,7.6,6.4
37,1991M06,154.9,1.37,6.5,17.8,12.8,8.7,156.3,0.84,7.0,10.5,9.5,7.6
38,1991M07,156.0,0.71,6.6,8.9,13.9,8.9,157.1,0.51,6.7,6.3,10.6,7.2
39,1991M08,157.2,0.77,7.1,9.6,12.0,9.8,158.2,0.70,6.6,8.7,8.5,8.0
40,1991M09,158.1,0.57,7.7,7.1,8.5,10.6,159.1,0.57,7.3,7.0,7.4,8.4
41,1991M10,159.3,0.76,8.2,9.5,8.7,11.3,160.4,0.82,7.7,10.3,8.7,9.6
42,1991M11,160.0,0.44,8.0,5.4,7.3,9.6,161.1,0.44,7.2,5.4,7.5,8.0
43,1991M12,159.8,-0.12,7.5,-1.5,4.4,6.4,161.0,-0.06,6.8,-0.7,4.9,6.1
44,1992M01,160.2,0.25,7.2,3.0,2.3,5.5,161.5,0.31,6.5,3.8,2.8,5.7
45,1992M02,160.4,0.12,6.9,1.5,1.0,4.1,161.8,0.19,6.3,2.3,1.7,4.6
46,1992M03,160.6,0.12,6.9,1.5,2.0,3.2,162.2,0.25,6.2,3.0,3.0,3.9
47,1992M04,160.6,0.00,6.4,0.0,1.0,1.6,162.3,0.06,5.9,0.7,2.0,2.4
48,1992M05,160.5,-0.06,5.0,-0.7,0.2,0.6,162.6,0.18,4.9,2.2,2.0,1.9
49,1992M06,161.1,0.37,4.0,4.6,1.3,1.6,163.3,0.43,4.5,5.3,2.7,2.9
50,1992M07,161.4,0.19,3.5,2.3,2.0,1.5,163.7,0.24,4.2,3.0,3.5,2.7
51,1992M08,161.4,0.00,2.7,0.0,2.3,1.3,163.8,0.06,3.5,0.7,3.0,2.5
52,1992M09,161.3,-0.06,2.0,-0.7,0.5,0.9,163.8,0.00,3.0,0.0,1.2,2.0
53,1992M10,161.4,0.06,1.3,0.7,0.0,1.0,163.9,0.06,2.2,0.7,0.5,2.0
54,1992M11,161.4,0.00,0.9,0.0,0.0,1.1,163.9,0.00,1.7,0.0,0.2,1.6
55,1992M12,162.2,0.50,1.5,6.1,2.3,1.4,164.9,0.61,2.4,7.6,2.7,2.0
56,1993M01,164.1,1.17,2.4,15.0,6.9,3.4,167.1,1.33,3.5,17.2,8.0,4.2
57,1993M02,165.3,0.73,3.1,9.1,10.0,4.9,168.4,0.78,4.1,9.7,11.4,5.7
58,1993M03,165.4,0.06,3.0,0.7,8.1,5.1,168.6,0.12,3.9,1.4,9.3,5.9
59,1993M04,165.9,0.30,3.3,3.7,4.5,5.7,169.1,0.30,4.2,3.6,4.9,6.4
60,1993M05,166.3,0.24,3.6,2.9,2.4,6.2,169.6,0.30,4.3,3.6,2.9,7.1
61,1993M06,166.2,-0.06,3.2,-0.7,1.9,5.0,169.4,-0.12,3.7,-1.4,1.9,5.5
62,1993M07,167.7,0.90,3.9,11.4,4.4,4.4,171.2,1.06,4.6,13.5,5.1,5.0
63,1993M08,169.2,0.89,4.8,11.3,7.2,4.8,172.8,0.93,5.5,11.8,7.8,5.3
64,1993M09,169.8,0.35,5.3,4.3,8.9,5.4,173.3,0.29,5.8,3.5,9.5,5.7
65,1993M10,170.8,0.59,5.8,7.3,7.6,6.0,174.7,0.81,6.6,10.1,8.4,6.7
66,1993M11,170.8,0.00,5.8,0.0,3.8,5.5,174.8,0.06,6.7,0.7,4.7,6.2
67,1993M12,169.9,-0.53,4.7,-6.1,0.2,4.5,174.2,-0.34,5.6,-4.0,2.1,5.7
68,1994M01,169.3,-0.35,3.2,-4.2,-3.5,1.9,173.5,-0.40,3.8,-4.7,-2.7,2.7
69,1994M02,169.5,0.12,2.5,1.4,-3.0,0.4,173.7,0.12,3.1,1.4,-2.5,1.0
70,1994M03,169.7,0.12,2.6,1.4,-0.5,-0.1,173.9,0.12,3.1,1.4,-0.7,0.7
71,1994M04,169.9,0.12,2.4,1.4,1.4,-1.1,174.1,0.12,3.0,1.4,1.4,-0.7
72,1994M05,169.9,0.00,2.2,0.0,0.9,-1.1,173.7,-0.23,2.4,-2.7,0.0,-1.3
73,1994M06,170.1,0.12,2.3,1.4,0.9,0.2,173.9,0.12,2.7,1.4,0.0,-0.3
74,1994M07,170.4,0.18,1.6,2.1,1.2,1.3,174.2,0.17,1.8,2.1,0.2,0.8
75,1994M08,170.5,0.06,0.8,0.7,1.4,1.2,174.4,0.11,0.9,1.4,1.6,0.8
76,1994M09,171.0,0.29,0.7,3.6,2.1,1.5,175.1,0.40,1.0,4.9,2.8,1.4
77,1994M10,170.8,-0.12,0.0,-1.4,0.9,1.1,174.7,-0.23,0.0,-2.7,1.2,0.7
78,1994M11,170.7,-0.06,-0.1,-0.7,0.5,0.9,174.5,-0.11,-0.2,-1.4,0.2,0.9
79,1994M12,170.8,0.06,0.5,0.7,-0.5,0.8,174.4,-0.06,0.1,-0.7,-1.6,0.6
80,1995M01,172.1,0.76,1.7,9.5,3.1,2.0,175.3,0.52,1.0,6.4,1.4,1.3
81,1995M02,172.3,0.12,1.7,1.4,3.8,2.1,175.6,0.17,1.1,2.1,2.5,1.4
82,1995M03,172.0,-0.17,1.4,-2.1,2.8,1.2,175.2,-0.23,0.7,-2.7,1.8,0.1
83,1995M04,171.8,-0.12,1.1,-1.4,-0.7,1.2,175.3,0.06,0.7,0.7,0.0,0.7
84,1995M05,172.1,0.17,1.3,2.1,-0.5,1.6,175.7,0.23,1.2,2.8,0.2,1.4
85,1995M06,172.3,0.12,1.3,1.4,0.7,1.8,175.9,0.11,1.2,1.4,1.6,1.7
86,1995M07,172.8,0.29,1.4,3.5,2.3,0.8,176.5,0.34,1.3,4.2,2.8,1.4
87,1995M08,173.5,0.41,1.8,5.0,3.3,1.4,177.3,0.45,1.7,5.6,3.7,1.9
88,1995M09,174.1,0.35,1.8,4.2,4.2,2.5,178.0,0.39,1.7,4.8,4.9,3.2
89,1995M10,174.9,0.46,2.4,5.7,5.0,3.6,179.0,0.56,2.5,7.0,5.8,4.3
90,1995M11,174.3,-0.34,2.1,-4.0,1.9,2.6,178.2,-0.45,2.1,-5.2,2.0,2.9
91,1995M12,174.2,-0.06,2.0,-0.7,0.2,2.2,178.2,0.00,2.2,0.0,0.5,2.6
92,1996M01,174.9,0.40,1.6,4.9,0.0,2.4,179.1,0.51,2.2,6.2,0.2,3.0
93,1996M02,175.2,0.17,1.7,2.1,2.1,2.0,179.7,0.34,2.3,4.1,3.4,2.7
94,1996M03,175.5,0.17,2.0,2.1,3.0,1.6,180.1,0.22,2.8,2.7,4.3,2.4
95,1996M04,175.8,0.17,2.3,2.1,2.1,1.0,180.3,0.11,2.9,1.3,2.7,1.5
96,1996M05,176.9,0.63,2.8,7.8,3.9,3.0,181.5,0.67,3.3,8.3,4.1,3.7
97,1996M06,176.7,-0.11,2.6,-1.3,2.8,2.9,181.3,-0.11,3.1,-1.3,2.7,3.5
98,1996M07,176.9,0.11,2.4,1.4,2.5,2.3,181.6,0.17,2.9,2.0,2.9,2.8
99,1996M08,178.0,0.62,2.6,7.7,2.5,3.2,182.6,0.55,3.0,6.8,2.4,3.3
100,1996M09,178.4,0.22,2.5,2.7,3.9,3.3,182.7,0.05,2.6,0.7,3.1,2.9
101,1996M10,178.5,0.06,2.1,0.7,3.7,3.1,182.8,0.05,2.1,0.7,2.7,2.8
102,1996M11,178.6,0.06,2.5,0.7,1.4,1.9,182.8,0.00,2.6,0.0,0.4,1.4
103,1996M12,177.8,-0.45,2.1,-5.2,-1.3,1.2,182.1,-0.38,2.2,-4.5,-1.3,0.9
104,1997M01,178.4,0.34,2.0,4.1,-0.2,1.7,182.5,0.22,1.9,2.7,-0.7,1.0
105,1997M02,178.5,0.06,1.9,0.7,-0.2,0.6,182.7,0.11,1.7,1.3,-0.2,0.1
106,1997M03,178.4,-0.06,1.7,-0.7,1.4,0.0,182.7,0.00,1.4,0.0,1.3,0.0
107,1997M04,179.7,0.73,2.2,9.1,2.9,1.3,184.1,0.77,2.1,9.6,3.6,1.4
108,1997M05,179.4,-0.17,1.4,-2.0,2.0,0.9,183.7,-0.22,1.2,-2.6,2.2,1.0
109,1997M06,179.8,0.22,1.8,2.7,3.2,2.3,183.9,0.11,1.4,1.3,2.7,2.0
110,1997M07,180.1,0.17,1.8,2.0,0.9,1.9,184.2,0.16,1.4,2.0,0.2,1.9
111,1997M08,180.6,0.28,1.5,3.4,2.7,2.4,184.7,0.27,1.2,3.3,2.2,2.2
112,1997M09,181.3,0.39,1.6,4.8,3.4,3.3,185.5,0.43,1.5,5.3,3.5,3.1
113,1997M10,181.9,0.33,1.9,4.0,4.1,2.5,186.3,0.43,1.9,5.3,4.6,2.4
114,1997M11,181.7,-0.11,1.7,-1.3,2.5,2.6,186.0,-0.16,1.8,-1.9,2.8,2.5
115,1997M12,181.4,-0.17,2.0,-2.0,0.2,1.8,185.8,-0.11,2.0,-1.3,0.6,2.1
116,1998M01,182.4,0.55,2.2,6.8,1.1,2.6,186.3,0.27,2.1,3.3,0.0,2.3
117,1998M02,182.0,-0.22,2.0,-2.6,0.7,1.6,186.0,-0.16,1.8,-1.9,0.0,1.4
118,1998M03,182.7,0.38,2.4,4.7,2.9,1.6,186.6,0.32,2.1,3.9,1.7,1.2
119,1998M04,183.1,0.22,1.9,2.7,1.5,1.3,186.5,-0.05,1.3,-0.6,0.4,0.2
120,1998M05,183.7,0.33,2.4,4.0,3.8,2.2,187.2,0.38,1.9,4.6,2.6,1.3
121,1998M06,184.0,0.16,2.3,2.0,2.9,2.9,187.5,0.16,2.0,1.9,1.9,1.8
122,1998M07,183.6,-0.22,1.9,-2.6,1.1,1.3,186.8,-0.37,1.4,-4.4,0.6,0.5
123,1998M08,182.6,-0.54,1.1,-6.3,-2.4,0.7,185.6,-0.64,0.5,-7.4,-3.4,-0.4
124,1998M09,182.8,0.11,0.8,1.3,-2.6,0.1,185.8,0.11,0.2,1.3,-3.6,-0.9
125,1998M10,183.6,0.44,0.9,5.4,0.0,0.5,186.5,0.38,0.1,4.6,-0.6,0.0
126,1998M11,184.1,0.27,1.3,3.3,3.3,0.4,187.0,0.27,0.5,3.3,3.1,-0.2
127,1998M12,183.7,-0.22,1.3,-2.6,2.0,-0.3,186.4,-0.32,0.3,-3.8,1.3,-1.2
128,1999M01,184.8,0.60,1.3,7.4,2.6,1.3,187.3,0.48,0.5,6.0,1.7,0.5
129,1999M02,184.5,-0.16,1.4,-1.9,0.9,2.1,187.0,-0.16,0.5,-1.9,0.0,1.5
130,1999M03,185.4,0.49,1.5,6.0,3.8,2.9,187.8,0.43,0.6,5.3,3.0,2.2
131,1999M04,186.4,0.54,1.8,6.7,3.5,3.1,188.3,0.27,1.0,3.2,2.2,1.9
132,1999M05,187.3,0.48,2.0,6.0,6.2,3.5,189.5,0.64,1.2,7.9,5.5,2.7
133,1999M06,188.8,0.80,2.6,10.0,7.5,5.6,190.6,0.58,1.7,7.2,6.1,4.6
134,1999M07,189.5,0.37,3.2,4.5,6.8,5.2,191.0,0.21,2.2,2.5,5.9,4.0
135,1999M08,190.2,0.37,4.2,4.5,6.3,6.3,191.6,0.31,3.2,3.8,4.5,5.0
136,1999M09,191.8,0.84,4.9,10.6,6.5,7.0,192.8,0.63,3.8,7.8,4.7,5.4
137,1999M10,193.3,0.78,5.3,9.8,8.3,7.5,194.1,0.67,4.1,8.4,6.7,6.3
138,1999M11,193.3,0.00,5.0,0.0,6.7,6.5,194.1,0.00,3.8,0.0,5.3,4.9
139,1999M12,194.0,0.36,5.6,4.4,4.7,5.6,194.5,0.21,4.3,2.5,3.6,4.1
140,2000M01,195.5,0.77,5.8,9.7,4.6,6.4,195.4,0.46,4.3,5.7,2.7,4.7
141,2000M02,194.9,-0.31,5.6,-3.6,3.4,5.0,194.7,-0.36,4.1,-4.2,1.2,3.3
142,2000M03,196.4,0.77,5.9,9.6,5.0,4.9,195.7,0.51,4.2,6.3,2.5,3.0
143,2000M04,197.6,0.61,6.0,7.6,4.4,4.5,196.7,0.51,4.5,6.3,2.7,2.7
144,2000M05,198.4,0.40,5.9,5.0,7.4,5.3,197.1,0.20,4.0,2.5,5.0,3.1
145,2000M06,199.1,0.35,5.5,4.3,5.6,5.3,197.7,0.30,3.7,3.7,4.2,3.3
146,2000M07,200.1,0.50,5.6,6.2,5.2,4.8,198.9,0.61,4.1,7.5,4.5,3.6
147,2000M08,199.1,-0.50,4.7,-5.8,1.4,4.4,197.6,-0.65,3.1,-7.6,1.0,3.0
148,2000M09,199.5,0.20,4.0,2.4,0.8,3.2,197.9,0.15,2.6,1.8,0.4,2.3
149,2000M10,201.5,1.00,4.2,12.7,2.8,4.0,200.1,1.11,3.1,14.2,2.4,3.5
150,2000M11,202.1,0.30,4.6,3.6,6.2,3.8,200.5,0.20,3.3,2.4,6.0,3.5
151,2000M12,202.1,0.00,4.2,0.0,5.3,3.0,200.3,-0.10,3.0,-1.2,4.9,2.6
152,2001M01,202.4,0.15,3.5,1.8,1.8,2.3,201.0,0.35,2.9,4.3,1.8,2.1
153,2001M02,202.8,0.20,4.1,2.4,1.4,3.8,201.1,0.05,3.3,0.6,1.2,3.6
154,2001M03,204.0,0.59,3.9,7.3,3.8,4.6,202.5,0.70,3.5,8.7,4.5,4.7
155,2001M04,206.5,1.23,4.5,15.7,8.4,5.0,205.0,1.23,4.2,15.9,8.2,5.0
156,2001M05,209.4,1.40,5.5,18.2,13.7,7.4,208.0,1.46,5.5,19.0,14.4,7.6
157,2001M06,212.6,1.53,6.8,20.0,18.0,10.7,211.7,1.78,7.1,23.6,19.4,11.7
158,2001M07,214.2,0.75,7.0,9.4,15.8,12.0,213.5,0.85,7.3,10.7,17.6,12.8
159,2001M08,214.9,0.33,7.9,4.0,10.9,12.3,214.1,0.28,8.4,3.4,12.3,13.3
160,2001M09,216.3,0.65,8.4,8.1,7.1,12.4,215.7,0.75,9.0,9.3,7.8,13.5
161,2001M10,217.7,0.65,8.0,8.0,6.7,11.1,217.3,0.74,8.6,9.3,7.3,12.4
162,2001M11,218.5,0.37,8.1,4.5,6.9,8.9,218.1,0.37,8.8,4.5,7.7,9.9
163,2001M12,219.5,0.46,8.6,5.6,6.1,6.6,219.1,0.46,9.4,5.6,6.5,7.1
164,2002M01,221.5,0.91,9.4,11.5,7.2,6.9,221.0,0.87,10.0,10.9,7.0,7.1
165,2002M02,220.9,-0.27,8.9,-3.2,4.5,5.7,220.2,-0.36,9.5,-4.3,3.9,5.8
166,2002M03,221.8,0.41,8.7,5.0,4.3,5.2,221.2,0.45,9.2,5.6,3.9,5.2
167,2002M04,221.9,0.05,7.5,0.5,0.7,3.9,220.8,-0.18,7.7,-2.1,-0.4,3.2
168,2002M05,221.8,-0.05,5.9,-0.5,1.6,3.0,220.7,-0.05,6.1,-0.5,0.9,2.4
169,2002M06,222.8,0.45,4.8,5.5,1.8,3.0,221.8,0.50,4.8,6.1,1.1,2.5
170,2002M07,223.0,0.09,4.1,1.1,2.0,1.4,221.8,0.00,3.9,0.0,1.8,0.7
171,2002M08,221.8,-0.54,3.2,-6.3,0.0,0.8,220.2,-0.72,2.8,-8.3,-0.9,0.0
172,2002M09,222.9,0.50,3.1,6.1,0.2,1.0,221.1,0.41,2.5,5.0,-1.3,-0.1
173,2002M10,224.1,0.54,2.9,6.7,2.0,2.0,222.4,0.59,2.3,7.3,1.1,1.5
174,2002M11,223.7,-0.18,2.4,-2.1,3.5,1.7,221.7,-0.31,1.7,-3.7,2.8,0.9
175,2002M12,223.9,0.09,2.0,1.1,1.8,1.0,221.4,-0.14,1.0,-1.6,0.5,-0.4
176,2003M01,224.7,0.36,1.4,4.4,1.1,1.5,221.7,0.14,0.3,1.6,-1.3,-0.1
177,2003M02,224.3,-0.18,1.5,-2.1,1.1,2.3,220.9,-0.36,0.3,-4.2,-1.4,0.6
178,2003M03,226.7,1.07,2.2,13.6,5.1,3.4,223.3,1.09,0.9,13.8,3.5,2.0
179,2003M04,227.0,0.13,2.3,1.6,4.2,2.6,223.3,0.00,1.1,0.0,2.9,0.8
180,2003M05,226.6,-0.18,2.2,-2.1,4.2,2.6,222.6,-0.31,0.9,-3.7,3.1,0.8
181,2003M06,226.8,0.09,1.8,1.1,0.2,2.6,222.6,0.00,0.4,0.0,-1.2,1.1
182,2003M07,226.5,-0.13,1.6,-1.6,-0.9,1.6,221.8,-0.36,0.0,-4.2,-2.7,0.1
183,2003M08,226.3,-0.09,2.0,-1.1,-0.5,1.8,221.0,-0.36,0.4,-4.2,-2.8,0.1
184,2003M09,227.9,0.71,2.2,8.8,2.0,1.1,222.7,0.77,0.7,9.6,0.2,-0.5
185,2003M10,229.0,0.48,2.2,5.9,4.5,1.8,223.7,0.45,0.6,5.5,3.5,0.4
186,2003M11,229.3,0.13,2.5,1.6,5.4,2.4,224.1,0.18,1.1,2.2,5.7,1.4
187,2003M12,230.0,0.31,2.7,3.7,3.7,2.8,224.7,0.27,1.5,3.3,3.6,1.9
188,2004M01,230.1,0.04,2.4,0.5,1.9,3.2,224.5,-0.09,1.3,-1.1,1.4,2.4
189,2004M02,229.4,-0.30,2.3,-3.6,0.2,2.8,223.5,-0.45,1.2,-5.2,-1.1,2.3
190,2004M03,230.7,0.57,1.8,7.0,1.2,2.5,224.9,0.63,0.7,7.8,0.4,2.0
191,2004M04,232.0,0.56,2.2,7.0,3.3,2.6,225.9,0.44,1.2,5.5,2.5,2.0
192,2004M05,233.9,0.82,3.2,10.3,8.1,4.1,227.4,0.66,2.2,8.3,7.2,3.0
193,2004M06,235.7,0.77,3.9,9.6,9.0,5.0,228.7,0.57,2.7,7.1,6.9,3.6
194,2004M07,234.6,-0.47,3.6,-5.5,4.6,3.9,227.7,-0.44,2.7,-5.1,3.2,2.9
195,2004M08,234.6,0.00,3.7,0.0,1.2,4.6,227.3,-0.18,2.9,-2.1,-0.2,3.4
196,2004M09,235.6,0.43,3.4,5.2,-0.2,4.3,228.2,0.40,2.5,4.9,-0.9,3.0
197,2004M10,237.4,0.76,3.7,9.6,4.9,4.7,229.8,0.70,2.7,8.7,3.7,3.5
198,2004M11,237.9,0.21,3.8,2.6,5.7,3.4,229.8,0.00,2.5,0.0,4.5,2.1
199,2004M12,239.0,0.46,3.9,5.7,5.9,2.8,230.5,0.30,2.6,3.7,4.1,1.6
200,2005M01,239.2,0.08,4.0,1.0,3.1,4.0,229.2,-0.56,2.1,-6.6,-1.0,1.3
201,2005M02,239.7,0.21,4.5,2.5,3.1,4.4,228.6,-0.26,2.3,-3.1,-2.1,1.1
202,2005M03,241.5,0.75,4.7,9.4,4.3,5.1,229.4,0.35,2.0,4.3,-1.9,1.1
203,2005M04,242.0,0.21,4.3,2.5,4.8,3.9,228.3,-0.48,1.1,-5.6,-1.6,-1.3
204,2005M05,240.7,-0.54,2.9,-6.3,1.7,2.4,227.4,-0.39,0.0,-4.6,-2.1,-2.1
205,2005M06,242.4,0.71,2.8,8.8,1.5,2.9,228.2,0.35,-0.2,4.3,-2.1,-2.0
206,2005M07,242.7,0.12,3.5,1.5,1.2,2.9,227.9,-0.13,0.1,-1.6,-0.7,-1.1
207,2005M08,243.2,0.21,3.7,2.5,4.2,2.9,227.5,-0.18,0.1,-2.1,0.2,-1.0
208,2005M09,246.9,1.52,4.8,19.9,7.6,4.5,231.4,1.71,1.4,22.6,5.7,1.8
209,2005M10,248.4,0.61,4.6,7.5,9.7,5.4,232.5,0.48,1.2,5.9,8.3,3.7
210,2005M11,248.0,-0.16,4.2,-1.9,8.1,6.2,231.5,-0.43,0.7,-5.0,7.2,3.6
211,2005M12,248.9,0.36,4.1,4.4,3.3,5.4,232.0,0.22,0.7,2.6,1.0,3.4
212,2006M01,249.7,0.32,4.4,3.9,2.1,5.9,231.5,-0.22,1.0,-2.6,-1.7,3.2
213,2006M02,249.5,-0.08,4.1,-1.0,2.4,5.2,230.9,-0.26,1.0,-3.1,-1.0,3.0
214,2006M03,252.3,1.12,4.5,14.3,5.6,4.4,233.6,1.17,1.8,15.0,2.8,1.9
215,2006M04,255.2,1.15,5.5,14.7,9.1,5.5,236.1,1.07,3.4,13.6,8.2,3.1
216,2006M05,258.9,1.45,7.6,18.9,15.9,9.0,239.6,1.48,5.4,19.3,15.9,7.1
217,2006M06,261.9,1.16,8.0,14.8,16.1,10.7,242.0,1.00,6.0,12.7,15.2,8.8
218,2006M07,263.1,0.46,8.4,5.6,13.0,11.0,243.0,0.41,6.6,5.1,12.2,10.2
219,2006M08,264.0,0.34,8.6,4.2,8.1,12.0,243.7,0.29,7.1,3.5,7.0,11.4
220,2006M09,265.6,0.61,7.6,7.5,5.8,10.8,245.2,0.62,6.0,7.6,5.4,10.2
221,2006M10,266.2,0.23,7.2,2.7,4.8,8.8,245.6,0.16,5.6,2.0,4.3,8.2
222,2006M11,266.1,-0.04,7.3,-0.4,3.2,5.6,245.0,-0.24,5.8,-2.9,2.2,4.6
223,2006M12,266.2,0.04,7.0,0.5,0.9,3.3,245.0,0.00,5.6,0.0,-0.3,2.5
224,2007M01,266.9,0.26,6.9,3.2,1.1,2.9,245.3,0.12,6.0,1.5,-0.5,1.9
225,2007M02,268.0,0.41,7.4,5.1,2.9,3.1,245.3,0.00,6.2,0.0,0.5,1.3
226,2007M03,267.1,-0.34,5.9,-4.0,1.4,1.1,243.2,-0.86,4.1,-9.8,-2.9,-1.6
227,2007M04,268.7,0.60,5.3,7.4,2.7,1.9,243.7,0.21,3.2,2.5,-2.6,-1.5
228,2007M05,271.0,0.86,4.7,10.8,4.6,3.7,245.7,0.82,2.5,10.3,0.7,0.6
229,2007M06,272.4,0.52,4.0,6.4,8.2,4.7,246.2,0.20,1.7,2.5,5.0,1.0
230,2007M07,273.0,0.22,3.8,2.7,6.6,4.6,245.9,-0.12,1.2,-1.5,3.7,0.5
231,2007M08,273.1,0.04,3.4,0.4,3.1,3.8,245.0,-0.37,0.5,-4.3,-1.1,-0.2
232,2007M09,276.7,1.32,4.2,17.0,6.5,7.3,247.8,1.14,1.1,14.6,2.6,3.8
233,2007M10,278.1,0.51,4.5,6.2,7.7,7.1,248.7,0.36,1.3,4.4,4.6,4.1
234,2007M11,279.9,0.65,5.2,8.0,10.3,6.7,249.7,0.40,1.9,4.9,7.9,3.3
235,2007M12,281.8,0.68,5.9,8.5,7.6,7.0,251.4,0.68,2.6,8.5,5.9,4.3
236,2008M01,282.3,0.18,5.8,2.2,6.2,6.9,251.0,-0.16,2.3,-1.9,3.8,4.2
237,2008M02,286.2,1.38,6.8,17.9,9.3,9.8,254.9,1.55,3.9,20.3,8.6,8.2
238,2008M03,290.4,1.47,8.7,19.1,12.8,10.1,258.7,1.49,6.4,19.4,12.1,9.0
239,2008M04,300.3,3.41,11.8,49.5,28.0,16.6,269.6,4.21,10.6,64.1,33.1,17.5
240,2008M05,304.4,1.37,12.3,17.7,28.0,18.3,273.6,1.48,11.4,19.3,32.7,20.1
241,2008M06,307.1,0.89,12.7,11.2,25.1,18.8,275.9,0.84,12.1,10.6,29.4,20.4
242,2008M07,310.0,0.94,13.6,11.9,13.6,20.6,278.3,0.87,13.2,11.0,13.5,22.9
243,2008M08,312.8,0.90,14.5,11.4,11.5,19.5,280.8,0.90,14.6,11.3,10.9,21.4
244,2008M09,315.5,0.86,14.0,10.9,11.4,18.0,284.3,1.25,14.7,16.0,12.7,20.8
245,2008M10,322.3,2.16,15.9,29.2,16.8,15.2,292.9,3.02,17.8,43.0,22.7,18.0
246,2008M11,327.9,1.74,17.1,23.0,20.8,16.0,298.3,1.84,19.5,24.5,27.4,18.9
247,2008M12,332.9,1.52,18.1,19.9,24.0,17.5,303.4,1.71,20.7,22.6,29.7,20.9
248,2009M01,334.8,0.57,18.6,7.1,16.4,16.6,304.7,0.43,21.4,5.3,17.1,19.9
249,2009M02,336.5,0.51,17.6,6.3,10.9,15.7,308.5,1.25,21.0,16.0,14.4,20.7
250,2009M03,334.5,-0.59,15.2,-6.9,1.9,12.4,309.0,0.16,19.4,2.0,7.6,18.1
251,2009M04,336.0,0.45,11.9,5.5,1.4,8.7,311.6,0.84,15.6,10.6,9.4,13.2
252,2009M05,339.8,1.13,11.6,14.4,4.0,7.4,316.1,1.44,15.5,18.8,10.2,12.3
253,2009M06,344.5,1.38,12.2,17.9,12.5,7.1,322.1,1.90,16.7,25.3,18.1,12.7
254,2009M07,345.1,0.17,11.3,2.1,11.3,6.2,323.9,0.56,16.4,6.9,16.7,13.0
255,2009M08,346.9,0.52,10.9,6.4,8.6,6.3,326.1,0.68,16.1,8.5,13.3,11.7
256,2009M09,349.6,0.78,10.8,9.8,6.1,9.2,328.9,0.86,15.7,10.8,8.7,13.3
257,2009M10,353.6,1.14,9.7,14.6,10.2,10.8,332.5,1.09,13.5,14.0,11.1,13.9
258,2009M11,356.2,0.74,8.6,9.2,11.2,9.9,335.7,0.96,12.5,12.2,12.3,12.8
259,2009M12,357.9,0.48,7.5,5.9,9.8,7.9,337.8,0.63,11.3,7.8,11.3,10.0
260,2010M01,356.8,-0.31,6.6,-3.6,3.7,6.9,337.9,0.03,10.9,0.4,6.7,8.8
261,2010M02,360.9,1.15,7.3,14.7,5.4,8.2,342.4,1.33,11.0,17.2,8.2,10.2
262,2010M03,362.9,0.55,8.5,6.9,5.7,7.8,346.0,1.05,12.0,13.4,10.1,10.7
263,2010M04,363.8,0.25,8.3,3.0,8.1,5.9,346.9,0.26,11.3,3.2,11.1,8.8
264,2010M05,365.3,0.41,7.5,5.1,5.0,5.2,347.9,0.29,10.1,3.5,6.6,7.4
265,2010M06,364.1,-0.33,5.7,-3.9,1.3,3.5,346.3,-0.46,7.5,-5.4,0.3,5.1
266,2010M07,361.7,-0.66,4.8,-7.6,-2.3,2.8,343.6,-0.78,6.1,-9.0,-3.8,3.4
267,2010M08,362.6,0.25,4.5,3.0,-2.9,0.9,344.9,0.38,5.8,4.6,-3.4,1.5
268,2010M09,362.6,0.00,3.7,0.0,-1.6,-0.2,344.9,0.00,4.9,0.0,-1.6,-0.6
269,2010M10,365.3,0.74,3.3,9.3,4.0,0.8,347.7,0.81,4.6,10.2,4.9,0.5
270,2010M11,365.5,0.05,2.6,0.7,3.2,0.1,348.0,0.09,3.7,1.0,3.6,0.1
271,2010M12,366.7,0.33,2.5,4.0,4.6,1.4,349.5,0.43,3.5,5.3,5.4,1.9
272,2011M01,363.4,-0.90,1.8,-10.3,-2.1,0.9,346.1,-0.97,2.4,-11.1,-1.8,1.5
273,2011M02,367.7,1.18,1.9,15.2,2.4,2.8,350.1,1.16,2.2,14.8,2.4,3.0
274,2011M03,371.2,0.95,2.3,12.0,5.0,4.8,353.9,1.09,2.3,13.8,5.1,5.3
275,2011M04,374.1,0.78,2.8,9.8,12.3,4.9,356.2,0.65,2.7,8.1,12.2,4.9
276,2011M05,377.6,0.94,3.4,11.8,11.2,6.7,358.8,0.73,3.1,9.1,10.3,6.3
277,2011M06,379.5,0.50,4.2,6.2,9.2,7.1,360.7,0.53,4.2,6.5,7.9,6.5
278,2011M07,379.9,0.11,5.0,1.3,6.3,9.3,359.9,-0.22,4.7,-2.6,4.2,8.1
279,2011M08,380.9,0.26,5.0,3.2,3.5,7.3,361.2,0.36,4.7,4.4,2.7,6.4
280,2011M09,383.3,0.63,5.7,7.8,4.1,6.6,363.9,0.75,5.5,9.3,3.6,5.7
281,2011M10,384.6,0.34,5.3,4.1,5.0,5.7,365.0,0.30,5.0,3.7,5.8,5.0
282,2011M11,384.6,0.00,5.2,0.0,3.9,3.7,364.4,-0.16,4.7,-2.0,3.6,3.1
283,2011M12,386.0,0.36,5.3,4.5,2.8,3.5,365.7,0.36,4.6,4.4,2.0,2.8
284,2012M01,387.1,0.28,6.5,3.5,2.6,3.8,365.9,0.05,5.7,0.7,1.0,3.4
285,2012M02,391.0,1.01,6.3,12.8,6.8,5.4,371.1,1.42,6.0,18.5,7.6,5.6
286,2012M03,395.1,1.05,6.4,13.3,9.8,6.3,375.9,1.29,6.2,16.7,11.6,6.7
287,2012M04,398.2,0.78,6.4,9.8,12.0,7.2,378.7,0.74,6.3,9.3,14.7,7.6
288,2012M05,398.1,-0.03,5.4,-0.3,7.5,7.1,378.4,-0.08,5.5,-0.9,8.1,7.8
289,2012M06,400.1,0.50,5.4,6.2,5.2,7.4,380.7,0.61,5.5,7.5,5.2,8.4
290,2012M07,397.2,-0.72,4.6,-8.4,-1.0,5.3,376.9,-1.00,4.7,-11.3,-1.9,6.1
291,2012M08,396.6,-0.15,4.1,-1.8,-1.5,2.9,376.6,-0.08,4.3,-1.0,-1.9,3.0
292,2012M09,399.6,0.76,4.3,9.5,-0.5,2.3,380.3,0.98,4.5,12.4,-0.4,2.4
293,2012M10,400.7,0.28,4.2,3.4,3.6,1.3,382.1,0.47,4.7,5.8,5.6,1.8
294,2012M11,402.0,0.32,4.5,4.0,5.6,2.0,383.5,0.37,5.2,4.5,7.5,2.7
295,2012M12,402.2,0.05,4.2,0.6,2.6,1.1,383.3,-0.05,4.8,-0.6,3.2,1.4
296,2013M01,403.3,0.27,4.2,3.3,2.6,3.1,384.1,0.21,5.0,2.5,2.1,3.9
297,2013M02,409.9,1.64,4.8,21.5,8.1,6.8,391.9,2.03,5.6,27.3,9.1,8.3
298,2013M03,410.7,0.20,3.9,2.4,8.7,5.6,392.5,0.15,4.4,1.9,10.0,6.5
299,2013M04,411.5,0.19,3.3,2.4,8.4,5.5,392.0,-0.13,3.5,-1.5,8.5,5.2
300,2013M05,411.3,-0.05,3.3,-0.6,1.4,4.7,391.3,-0.18,3.4,-2.1,-0.6,4.1
301,2013M06,413.5,0.53,3.3,6.6,2.8,5.7,393.6,0.59,3.4,7.3,1.1,5.4
302,2013M07,412.4,-0.27,3.8,-3.1,0.9,4.6,391.2,-0.61,3.8,-7.1,-0.8,3.7
303,2013M08,413.8,0.34,4.3,4.2,2.5,1.9,392.6,0.36,4.2,4.4,1.3,0.4
304,2013M09,415.2,0.34,3.9,4.1,1.7,2.2,394.2,0.41,3.7,5.0,0.6,0.9
305,2013M10,415.2,0.00,3.6,0.0,2.7,1.8,393.7,-0.13,3.0,-1.5,2.6,0.9
306,2013M11,416.7,0.36,3.7,4.4,2.8,2.6,394.5,0.20,2.9,2.5,1.9,1.6
307,2013M12,418.9,0.53,4.2,6.5,3.6,2.6,395.8,0.33,3.3,4.0,1.6,1.1
308,2014M01,415.9,-0.72,3.1,-8.3,0.7,1.7,391.5,-1.09,1.9,-12.3,-2.2,0.2
309,2014M02,418.7,0.67,2.1,8.4,1.9,2.4,394.9,0.87,0.8,10.9,0.4,1.2
310,2014M03,419.7,0.24,2.2,2.9,0.8,2.2,395.8,0.23,0.8,2.8,0.0,0.8
311,2014M04,421.0,0.31,2.3,3.8,5.0,2.8,396.0,0.05,1.0,0.6,4.7,1.2
312,2014M05,421.3,0.07,2.4,0.9,2.5,2.2,395.7,-0.08,1.1,-0.9,0.8,0.6
313,2014M06,422.8,0.36,2.2,4.4,3.0,1.9,397.6,0.48,1.0,5.9,1.8,0.9
314,2014M07,422.1,-0.17,2.4,-2.0,1.0,3.0,396.7,-0.23,1.4,-2.7,0.7,2.7
315,2014M08,423.1,0.24,2.2,2.9,1.7,2.1,397.4,0.18,1.2,2.1,1.7,1.3
316,2014M09,422.6,-0.12,1.8,-1.4,-0.2,1.4,395.7,-0.43,0.4,-5.0,-1.9,-0.1
317,2014M10,423.2,0.14,1.9,1.7,1.0,1.0,395.8,0.03,0.5,0.3,-0.9,-0.1
318,2014M11,421.0,-0.52,1.0,-6.1,-2.0,-0.1,393.4,-0.61,-0.3,-7.0,-4.0,-1.2
319,2014M12,422.3,0.31,0.8,3.8,-0.3,-0.2,394.3,0.23,-0.4,2.8,-1.4,-1.7
320,2015M01,419.3,-0.71,0.8,-8.2,-3.6,-1.3,389.2,-1.29,-0.6,-14.5,-6.5,-3.7
321,2015M02,422.1,0.67,0.8,8.3,1.0,-0.5,391.4,0.57,-0.9,7.0,-2.0,-3.0
322,2015M03,426.4,1.02,1.6,12.9,3.9,1.8,395.4,1.02,-0.1,13.0,1.1,-0.2
323,2015M04,427.0,0.14,1.4,1.7,7.6,1.8,395.6,0.05,-0.1,0.6,6.7,-0.1
324,2015M05,428.2,0.28,1.6,3.4,5.9,3.4,396.8,0.30,0.3,3.7,5.6,1.7
325,2015M06,429.3,0.26,1.5,3.1,2.7,3.3,398.2,0.35,0.2,4.3,2.9,2.0
326,2015M07,430.0,0.16,1.9,2.0,2.8,5.2,398.3,0.03,0.4,0.3,2.8,4.7
327,2015M08,432.3,0.53,2.2,6.6,3.9,4.9,400.3,0.50,0.7,6.2,3.6,4.6
328,2015M09,430.6,-0.39,1.9,-4.6,1.2,2.0,397.8,-0.62,0.5,-7.2,-0.4,1.2
329,2015M10,430.9,0.07,1.8,0.8,0.8,1.8,397.0,-0.20,0.3,-2.4,-1.3,0.7
330,2015M11,429.4,-0.35,2.0,-4.1,-2.7,0.6,394.7,-0.58,0.3,-6.7,-5.5,-1.1
331,2015M12,430.8,0.33,2.0,4.0,0.2,0.7,395.8,0.28,0.4,3.4,-2.0,-1.2
332,2016M01,428.3,-0.58,2.1,-6.7,-2.4,-0.8,391.6,-1.06,0.6,-12.0,-5.3,-3.3
333,2016M02,431.2,0.68,2.2,8.4,1.7,-0.5,394.3,0.69,0.7,8.6,-0.4,-3.0
334,2016M03,432.8,0.37,1.5,4.5,1.9,1.0,396.1,0.46,0.2,5.6,0.3,-0.9
335,2016M04,433.7,0.21,1.6,2.5,5.1,1.3,396.5,0.10,0.2,1.2,5.1,-0.3
336,2016M05,435.5,0.42,1.7,5.1,4.0,2.9,397.8,0.33,0.3,4.0,3.6,1.6
337,2016M06,436.3,0.18,1.6,2.2,3.3,2.6,398.2,0.10,0.0,1.2,2.1,1.2
338,2016M07,434.9,-0.32,1.1,-3.8,1.1,3.1,396.0,-0.55,-0.6,-6.4,-0.5,2.3
339,2016M08,436.4,0.34,0.9,4.2,0.8,2.4,396.5,0.13,-0.9,1.5,-1.3,1.1
340,2016M09,438.5,0.48,1.8,5.9,2.0,2.7,396.1,-0.10,-0.4,-1.2,-2.1,0.0
341,2016M10,438.5,0.00,1.8,0.0,3.4,2.2,395.0,-0.28,-0.5,-3.3,-1.0,-0.8
342,2016M11,438.4,-0.02,2.1,-0.3,1.8,1.3,393.4,-0.41,-0.3,-4.8,-3.1,-2.2
343,2016M12,439.0,0.14,1.9,1.7,0.5,1.2,392.7,-0.18,-0.8,-2.1,-3.4,-2.7
344,2017M01,436.5,-0.57,1.9,-6.6,-1.8,0.7,388.0,-1.20,-0.9,-13.5,-6.9,-4.0
345,2017M02,439.6,0.71,1.9,8.9,1.1,1.5,390.3,0.59,-1.0,7.3,-3.1,-3.1
346,2017M03,439.9,0.07,1.6,0.8,0.8,0.6,389.2,-0.28,-1.7,-3.3,-3.5,-3.5
347,2017M04,442.1,0.50,1.9,6.2,5.2,1.6,389.2,0.00,-1.8,0.0,1.2,-2.9
348,2017M05,443.0,0.20,1.7,2.5,3.1,2.1,387.6,-0.41,-2.6,-4.8,-2.7,-2.9
349,2017M06,443.0,0.00,1.5,0.0,2.8,1.8,386.0,-0.41,-3.1,-4.8,-3.2,-3.4
350,2017M07,442.9,-0.02,1.8,-0.3,0.7,3.0,383.8,-0.57,-3.1,-6.6,-5.4,-2.2
351,2017M08,444.0,0.25,1.7,3.0,0.9,2.0,384.5,0.18,-3.0,2.2,-3.2,-2.9
352,2017M09,444.6,0.14,1.4,1.6,1.5,2.1,383.7,-0.21,-3.1,-2.5,-2.4,-2.8
353,2017M10,446.7,0.47,1.9,5.8,3.5,2.1,386.1,0.63,-2.3,7.8,2.4,-1.6
354,2017M11,446.0,-0.16,1.7,-1.9,1.8,1.4,384.2,-0.49,-2.3,-5.7,-0.3,-1.7
355,2017M12,447.2,0.27,1.9,3.3,2.4,1.9,386.6,0.62,-1.6,7.8,3.1,0.3
356,2018M01,446.8,-0.09,2.4,-1.1,0.1,1.8,384.4,-0.57,-0.9,-6.6,-1.7,0.3
357,2018M02,449.5,0.60,2.3,7.5,3.2,2.5,386.7,0.60,-0.9,7.4,2.6,1.1
358,2018M03,452.0,0.56,2.8,6.9,4.4,3.4,388.1,0.36,-0.3,4.4,1.6,2.3
359,2018M04,452.2,0.04,2.3,0.5,4.9,2.5,388.4,0.08,-0.2,0.9,4.2,1.2
360,2018M05,451.8,-0.09,2.0,-1.1,2.1,2.6,388.3,-0.03,0.2,-0.3,1.7,2.1
361,2018M06,454.6,0.62,2.6,7.7,2.3,3.3,390.1,0.46,1.1,5.7,2.1,1.8
362,2018M07,454.8,0.04,2.7,0.5,2.3,3.6,389.1,-0.26,1.4,-3.0,0.7,2.5
363,2018M08,455.7,0.20,2.6,2.4,3.5,2.8,389.5,0.10,1.3,1.2,1.2,1.5
364,2018M09,456.8,0.24,2.7,2.9,1.9,2.1,390.5,0.26,1.8,3.1,0.4,1.2
365,2018M10,459.4,0.57,2.8,7.0,4.1,3.2,392.8,0.59,1.7,7.3,3.9,2.3
366,2018M11,460.5,0.24,3.3,2.9,4.3,3.9,393.5,0.18,2.4,2.2,4.2,2.7
367,2018M12,463.9,0.74,3.7,9.2,6.4,4.1,397.2,0.94,2.7,11.9,7.0,3.7
368,2019M01,462.0,-0.41,3.4,-4.8,2.3,3.2,394.3,-0.73,2.6,-8.4,1.5,2.7
369,2019M02,462.9,0.19,3.0,2.4,2.1,3.2,394.9,0.15,2.1,1.8,1.4,2.8
370,2019M03,465.3,0.52,2.9,6.4,1.2,3.8,397.5,0.66,2.4,8.2,0.3,3.6
371,2019M04,467.0,0.37,3.3,4.5,4.4,3.3,399.4,0.48,2.8,5.9,5.3,3.4
372,2019M05,468.0,0.21,3.6,2.6,4.5,3.3,400.2,0.20,3.1,2.4,5.5,3.4
373,2019M06,469.8,0.38,3.3,4.7,3.9,2.6,401.7,0.37,3.0,4.6,4.3,2.3
374,2019M07,468.8,-0.21,3.1,-2.5,1.6,3.0,400.0,-0.42,2.8,-5.0,0.6,2.9
375,2019M08,470.1,0.28,3.2,3.4,1.8,3.1,401.6,0.40,3.1,4.9,1.4,3.4
376,2019M09,470.5,0.09,3.0,1.0,0.6,2.2,402.0,0.10,2.9,1.2,0.3,2.3
377,2019M10,472.2,0.36,2.8,4.4,2.9,2.2,402.9,0.22,2.6,2.7,2.9,1.8
378,2019M11,472.8,0.13,2.7,1.5,2.3,2.1,402.9,0.00,2.4,0.0,1.3,1.4
379,2019M12,473.3,0.11,2.0,1.3,2.4,1.5,404.0,0.27,1.7,3.3,2.0,1.1
380,2020M01,469.8,-0.74,1.7,-8.5,-2.0,0.4,400.5,-0.87,1.6,-9.9,-2.4,0.3
381,2020M02,474.1,0.92,2.4,11.6,1.1,1.7,404.3,0.95,2.4,12.0,1.4,1.3
382,2020M03,475.2,0.23,2.1,2.8,1.6,2.0,404.7,0.10,1.8,1.2,0.7,1.3
383,2020M04,477.5,0.48,2.2,6.0,6.7,2.3,407.0,0.57,1.9,7.0,6.7,2.0
384,2020M05,480.1,0.54,2.6,6.7,5.2,3.1,410.6,0.88,2.6,11.1,6.4,3.9
385,2020M06,482.2,0.44,2.6,5.4,6.0,3.8,412.7,0.51,2.7,6.3,8.1,4.4
386,2020M07,482.9,0.15,3.0,1.8,4.6,5.7,413.4,0.17,3.3,2.1,6.4,6.5
387,2020M08,485.1,0.46,3.2,5.6,4.2,4.7,415.3,0.46,3.4,5.7,4.7,5.5
388,2020M09,487.0,0.39,3.5,4.8,4.0,5.0,417.5,0.53,3.9,6.5,4.7,6.4
389,2020M10,489.1,0.43,3.6,5.3,5.2,4.9,419.3,0.43,4.1,5.3,5.8,6.1
390,2020M11,489.3,0.04,3.5,0.5,3.5,3.9,419.7,0.10,4.2,1.2,4.3,4.5
391,2020M12,490.3,0.20,3.6,2.5,2.7,3.4,420.3,0.14,4.0,1.7,2.7,3.7
392,2021M01,490.0,-0.06,4.3,-0.7,0.7,3.0,419.3,-0.24,4.7,-2.8,0.0,2.9
393,2021M02,493.4,0.69,4.1,8.7,3.4,3.5,422.5,0.76,4.5,9.6,2.7,3.5
394,2021M03,495.8,0.49,4.3,6.0,4.6,3.6,424.3,0.43,4.8,5.2,3.9,3.3
395,2021M04,499.3,0.71,4.6,8.8,7.8,4.2,425.9,0.38,4.6,4.6,6.4,3.2
396,2021M05,501.4,0.42,4.4,5.2,6.6,5.0,426.9,0.23,4.0,2.9,4.2,3.5
397,2021M06,502.7,0.26,4.3,3.2,5.7,5.1,427.5,0.14,3.6,1.7,3.1,3.5
398,2021M07,503.5,0.16,4.3,1.9,3.4,5.6,427.3,-0.05,3.4,-0.6,1.3,3.9
399,2021M08,505.8,0.46,4.3,5.6,3.6,5.1,429.0,0.40,3.3,4.9,2.0,3.1
400,2021M09,508.2,0.47,4.4,5.8,4.4,5.1,429.8,0.19,2.9,2.3,2.2,2.6
401,2021M10,511.2,0.59,4.5,7.3,6.3,4.8,431.8,0.47,3.0,5.7,4.3,2.8
402,2021M11,513.0,0.35,4.8,4.3,5.8,4.7,432.5,0.16,3.0,2.0,3.3,2.6
403,2021M12,515.3,0.45,5.1,5.5,5.7,5.1,434.1,0.37,3.3,4.5,4.1,3.1
404,2022M01,517.9,0.50,5.7,6.2,5.3,5.8,434.8,0.16,3.7,2.0,2.8,3.5
405,2022M02,523.9,1.16,6.2,14.8,8.8,7.3,440.3,1.26,4.2,16.3,7.4,5.3
406,2022M03,528.8,0.94,6.7,11.8,10.9,8.3,443.9,0.82,4.6,10.3,9.3,6.7
407,2022M04,535.4,1.25,7.2,16.0,14.2,9.7,448.3,0.99,5.3,12.6,13.0,7.8
408,2022M05,539.5,0.77,7.6,9.6,12.5,10.6,450.2,0.42,5.5,5.2,9.3,8.4
409,2022M06,547.1,1.41,8.8,18.3,14.6,12.7,455.1,1.09,6.5,13.9,10.5,9.9
410,2022M07,553.5,1.17,9.9,15.0,14.2,14.2,459.4,0.94,7.5,11.9,10.3,11.6
411,2022M08,555.1,0.29,9.7,3.5,12.1,12.3,459.6,0.04,7.1,0.5,8.6,9.0
412,2022M09,555.6,0.09,9.3,1.1,6.4,10.4,460.0,0.09,7.0,1.0,4.4,7.4
413,2022M10,559.3,0.67,9.4,8.3,4.3,9.1,463.0,0.65,7.2,8.1,3.2,6.7
414,2022M11,560.9,0.29,9.3,3.5,4.2,8.1,463.3,0.06,7.1,0.8,3.3,5.9
415,2022M12,564.6,0.66,9.6,8.2,6.6,6.5,466.8,0.76,7.5,9.5,6.0,5.2
416,2023M01,569.4,0.85,9.9,10.7,7.4,5.8,470.9,0.88,8.3,11.1,7.0,5.1
417,2023M02,577.3,1.39,10.2,18.0,12.2,8.2,479.4,1.81,8.9,23.9,14.6,8.8
418,2023M03,580.7,0.59,9.8,7.3,11.9,9.2,481.9,0.52,8.6,6.4,13.6,9.7
419,2023M04,588.3,1.31,9.9,16.9,14.0,10.6,487.1,1.08,8.7,13.7,14.5,10.7
420,2023M05,590.6,0.39,9.5,4.8,9.5,10.9,487.8,0.14,8.4,1.7,7.2,10.9
421,2023M06,595.6,0.85,8.9,10.6,10.7,11.3,491.1,0.68,7.9,8.4,7.9,10.7
422,2023M07,595.8,0.03,7.6,0.4,5.2,9.5,492.1,0.20,7.1,2.5,4.2,9.2
423,2023M08,597.8,0.34,7.7,4.1,5.0,7.2,494.5,0.49,7.6,6.0,5.6,6.4
424,2023M09,599.9,0.35,8.0,4.3,2.9,6.7,495.4,0.18,7.7,2.2,3.5,5.7
425,2023M10,603.5,0.60,7.9,7.4,5.3,5.2,496.8,0.28,7.3,3.4,3.9,4.0
426,2023M11,605.8,0.38,8.0,4.7,5.5,5.2,496.6,-0.04,7.2,-0.5,1.7,3.6
427,2023M12,608.3,0.41,7.7,5.1,5.7,4.3,497.9,0.26,6.7,3.2,2.0,2.8
428,2024M01,607.3,-0.16,6.7,-2.0,2.5,3.9,495.4,-0.50,5.2,-5.9,-1.1,1.3
429,2024M02,615.4,1.33,6.6,17.2,6.5,6.0,502.0,1.33,4.7,17.2,4.4,3.1
430,2024M03,620.3,0.80,6.8,10.0,8.1,6.9,504.4,0.48,4.7,5.9,5.3,3.7
431,2024M04,623.7,0.55,6.0,6.8,11.2,6.8,505.9,0.30,3.9,3.6,8.8,3.7
432,2024M05,627.3,0.58,6.2,7.2,8.0,7.2,508.5,0.51,4.2,6.3,5.3,4.9
433,2024M06,630.3,0.48,5.8,5.9,6.6,7.4,510.6,0.41,4.0,5.1,5.0,5.2
434,2024M07,633.2,0.46,6.3,5.7,6.2,8.7,512.9,0.45,4.2,5.5,5.7,7.2
435,2024M08,633.8,0.09,6.0,1.1,4.2,6.1,512.1,-0.16,3.6,-1.9,2.9,4.1
436,2024M09,632.3,-0.24,5.4,-2.8,1.3,3.9,509.3,-0.55,2.8,-6.4,-1.0,2.0
437,2024M10,634.1,0.28,5.1,3.5,0.6,3.4,510.8,0.29,2.8,3.6,-1.6,1.9
438,2024M11,634.7,0.09,4.8,1.1,0.6,2.4,509.8,-0.20,2.7,-2.3,-1.8,0.5
439,2024M12,637.2,0.39,4.8,4.8,3.1,2.2,511.7,0.37,2.8,4.6,1.9,0.4
440,2025M01,635.5,-0.27,4.6,-3.2,0.9,0.7,510.2,-0.29,3.0,-3.5,-0.5,-1.1
441,2025M02,641.3,0.91,4.2,11.5,4.2,2.4,515.6,1.06,2.7,13.5,4.6,1.4
442,2025M03,643.7,0.37,3.8,4.6,4.1,3.6,517.2,0.31,2.5,3.8,4.4,3.1
443,2025M04,649.7,0.93,4.2,11.8,9.2,5.0,522.0,0.93,3.2,11.7,9.6,4.4
