,Value unit,Employment,Economic activity,1991Q1,1991Q2,1991Q3,1991Q4,1992Q1,1992Q2,1992Q3,1992Q4,1993Q1,1993Q2,1993Q3,1993Q4,1994Q1,1994Q2,1994Q3,1994Q4,1995Q1,1995Q2,1995Q3,1995Q4,1996Q1,1996Q2,1996Q3,1996Q4,1997Q1,1997Q2,1997Q3,1997Q4,1998Q1,1998Q2,1998Q3,1998Q4,1999Q1,1999Q2,1999Q3,1999Q4,2000Q1,2000Q2,2000Q3,2000Q4,2001Q1,2001Q2,2001Q3,2001Q4,2002Q1,2002Q2,2002Q3,2002Q4,2003Q1,2003Q2,2003Q3,2003Q4,2004Q1,2004Q2,2004Q3,2004Q4,2005Q1,2005Q2,2005Q3,2005Q4,2006Q1,2006Q2,2006Q3,2006Q4,2007Q1,2007Q2,2007Q3,2007Q4,2008Q1,2008Q2,2008Q3,2008Q4,2009Q1,2009Q2,2009Q3,2009Q4,2010Q1,2010Q2,2010Q3,2010Q4,2011Q1,2011Q2,2011Q3,2011Q4,2012Q1,2012Q2,2012Q3,2012Q4,2013Q1,2013Q2,2013Q3,2013Q4,2014Q1,2014Q2,2014Q3,2014Q4,2015Q1,2015Q2,2015Q3,2015Q4,2016Q1,2016Q2,2016Q3,2016Q4,2017Q1,2017Q2,2017Q3,2017Q4,2018Q1,2018Q2,2018Q3,2018Q4,2019Q1,2019Q2,2019Q3,2019Q4,2020Q1,2020Q2,2020Q3,2020Q4,2021Q1,2021Q2,2021Q3,2021Q4,2022Q1,2022Q2,2022Q3,2022Q4,2023Q1,2023Q2,2023Q3,2023Q4,2024Q1,2024Q2,2024Q3,2024Q4
0,Hours worked,Total employment,"A. Agriculture, forestry and fishing",5440200,5638800,5035600,5852500,5538700,5720600,5060000,5855900,5487600,5632400,4940700,5710100,5341000,5495600,4833000,5607700,5256200,5413600,4757500,5498500,5125500,5245300,4578900,5247800,4872700,4987900,4372400,5023500,4706000,4872400,4326400,5007200,4724000,4910500,4363100,5018800,4695900,4832200,4240100,4795500,4421000,4493200,3900300,4349500,3981800,4039400,3517800,3926900,3625900,3721200,3287800,3726900,3492800,3632600,3246000,3724900,3514000,3671200,3284200,3765400,3535900,3674500,3265100,3709200,3455100,3572500,3157500,3571700,3329800,3410600,2983800,3568800,3371600,3658600,3241200,3634700,3461200,3670400,3474200,3625700,3512900,3649000,3534400,3842600,3712800,3774700,3483400,3787200,3661500,3667500,3471000,3723800,3424700,3480000,3323600,3581700,3444900,3394400,3330900,3532000,3310400,3259100,3004500,3158700,2523400,3053000,2854400,3119800,2970200,2991500,2913000,3121500,2971600,3027400,2831200,3038100,3015000,3045500,2863800,3121200,3091600,2998800,2887500,3176700,3071800,3031300,2959500,3206600,3130500,2870300,2696700,2936400,3006200,2989800,2861500,3163000
1,Hours worked,Total employment,"B-E. Mining and quarrying; manufacturing; electricity, gas, steam and air conditioning supply; water supply; sewerage, waste management and remediation activities",10646200,9981500,9678700,11285600,10728500,10078700,9793500,11448100,10902600,10266800,10000100,11704600,11146500,10484100,10191100,11897000,11296900,10584300,10244800,11927900,11299200,10559300,10190200,11859400,11217000,10462200,10069800,11712000,11064300,10315700,9926100,11549500,10924000,10214200,9857200,11485500,10878000,10180700,9826100,11419100,10782700,10050300,9656700,11162000,10500400,9753400,9352600,10796300,10172000,9468900,9113900,10550300,9982200,9320800,8993500,10416300,9859900,9202800,8867000,10255400,9712500,9091300,8773100,10167100,9659900,9091500,8783800,10207000,9946800,10322800,8934500,10278100,9210000,8180400,7995500,9490900,9215500,8278500,8235000,9535700,9184500,8865800,8671900,9949300,9650600,8706700,8742400,9996200,9478600,9242900,8972300,10195300,10033600,8952900,8988200,10209400,9802000,8856600,9183900,10527200,9828500,9821000,9315600,10646200,9852900,9112200,9237600,10547100,9932900,9429500,9133700,10456800,10060200,9000000,8886600,10184700,9898100,8436800,8694300,10007700,9463100,8416500,8795200,10030300,9777400,8669900,8925500,10464200,10273500,8906700,9275600,10649000,9701000,9237900,9042900,10333400
2,Hours worked,Total employment,C. Manufacturing,9756200,9127100,8768600,10361300,9838900,9221600,8877100,10509700,9991800,9382500,9049400,10723400,10191400,9560700,9206400,10885500,10322500,9656700,9273100,10938100,10357100,9672200,9268600,10919200,10319800,9609600,9172000,10781600,10161600,9441600,8989700,10565600,9961000,9275700,8850200,10426200,9844600,9178400,8758300,10302900,9703900,9014800,8564100,10031100,9416000,8717100,8260000,9667000,9084100,8420300,7997200,9389100,8855800,8232500,7835000,9214000,8697400,8087800,7689300,9036600,8535200,7962700,7580900,8926800,8460000,7940100,7568000,8949600,8792900,9091600,7697300,9027200,8026600,7145900,6883000,8348700,8098800,7272800,7144500,8429400,8067600,7836500,7584900,8818300,8541200,7702900,7686800,8874100,8420300,8193900,7892600,9093500,8921300,7946800,7921700,9073900,8697400,7869400,8111300,9315300,8725400,8682500,8190400,9439700,8670200,8034200,8085500,9306100,8723300,8263700,7948800,9186100,8801600,7878800,7710800,8901100,8574300,7270900,7455800,8659900,8170700,7275900,7568600,8735700,8486000,7515600,7676100,9102600,8899900,7664600,7953300,9202400,8325400,7916800,7666400,8857600
3,Hours worked,Total employment,F. Construction,3451000,3533800,3408200,3642600,3481400,3559100,3422900,3647100,3478900,3557500,3427100,3654600,3489800,3572400,3445900,3677700,3515900,3607400,3493100,3742700,3603600,3732000,3648000,3936000,3807800,3945300,3847300,4134700,3968300,4073300,3937100,4207700,4022600,4128800,4000900,4298800,4131800,4260400,4144100,4463100,4282100,4395100,4245800,4540900,4322700,4406600,4232900,4510700,4306700,4423900,4290000,4618500,4502800,4729800,4677500,5122500,5100800,5437700,5422200,5981800,5958300,6307000,6215800,6784400,6587800,6768100,6457700,6857700,7630100,7973300,6861300,6386400,4345700,3830100,3816300,4010600,3319300,3249200,3203300,3427100,3106800,3135200,3083700,3300700,3034100,3071900,3023300,3391400,3244100,3354100,3288300,3559000,3496500,3446600,3440800,3919500,3675200,3686000,3751300,4270500,4178399,4475900,4422900,5034300,5005900,5033000,5133200,5800300,5584000,5541500,5248200,6024800,5816500,5551600,5240600,5812700,5562500,4979500,4957200,5687300,5273100,5174900,5186700,5930900,5775300,5680300,5784500,6768800,6564200,6283000,6348000,7149900,6656700,6690700,6439500,7261100
4,Hours worked,Total employment,G-I. Wholesale and retail trade; repair of motor vehicles and motorcycles; transportation and storage; accommodation and food service activities,12275100,12603300,12049600,12769600,12359200,12643300,12025600,12653000,12164000,12392600,11756700,12301100,11832500,12139900,11612700,12191500,11824700,12250600,11808100,12448100,12115900,12558300,12081500,12735800,12384100,12814900,12310400,13004500,12679900,13174000,12706200,13452100,13145000,13690100,13203000,13894500,13496600,13978600,13378000,13928000,13397800,13770800,13085300,13538900,12965500,13311900,12662300,13129400,12641700,13093200,12581500,13173900,12837600,13443400,13056200,13818800,13561400,14213800,13811900,14653400,14337100,14918300,14400800,15190400,14739600,15209900,14564600,15358600,16082700,16763500,15208300,15053600,13336800,13307200,12946500,13621700,13037100,13563600,13206000,13752900,13020700,14247800,13781700,14330600,13728900,14688900,14277200,14748100,14325200,15395700,14948000,15260600,14884500,15897600,15503600,15977800,15284500,16686000,16669500,17223300,17035700,18621700,18251000,19076600,18494600,20061700,19328900,20159000,19147900,20372200,19281200,20050100,18869400,19462200,17859700,18701500,17611900,14112400,14583500,14470800,13700000,14593200,16183000,17561100,16752300,18182300,18177600,19342100,18555200,19448300,18983600,19661200,18582900,19431400,18554200,19588000
5,Hours worked,Total employment,J. Information and communication,2156300,1930900,1866200,2102900,2084500,1846800,1766200,1976300,1954400,1737700,1677900,1902500,1922000,1752900,1738700,2014900,2073500,1909100,1899500,2196400,2243200,2040000,2002200,2290100,2322900,2109700,2078000,2394800,2462100,2273300,2280600,2670500,2786400,2595700,2614700,3060400,3174100,2917400,2885900,3316000,3364000,3017400,2911200,3276300,3257000,2875000,2738700,3059000,3027700,2679200,2569800,2896400,2901600,2604400,2536800,2898300,2942900,2662700,2608500,2991800,3046400,2752300,2689800,3077300,3126200,2817000,2745800,3143100,3263000,3251400,2950300,3218300,3093200,2547200,2558900,2979900,3059800,2568900,2599900,3017400,3122600,2760000,2653400,3042900,3088800,2639000,2675100,3059900,3058300,2859900,2817000,3221600,3291500,2773800,2835100,3230800,3268800,2795800,2911400,3349500,3285700,3141000,2993200,3399300,3438700,2920000,2979400,3365200,3466400,3141600,3060400,3477100,3541200,2963600,2972700,3418100,3675200,2842800,3051600,3528500,3497900,2946800,3205400,3655800,3734800,3141300,3369800,3919400,3976100,3195100,3373700,3774100,3691600,3348300,3345900,3773900
6,Hours worked,Total employment,K. Financial and insurance activities,2264800,2068300,2008000,2237800,2264000,2058400,1986900,2202400,2215000,2003100,1926300,2131100,2144400,1945800,1880500,2090699,2113000,1922500,1862100,2074300,2099800,1914800,1863100,2089500,2140300,1984600,1968000,2247200,2344800,2210200,2219600,2553300,2671400,2511500,2503100,2850800,2943600,2725000,2669100,2989700,3031000,2755200,2651900,2928000,2929600,2635600,2520900,2777200,2783400,2518500,2433200,2710700,2749500,2515200,2457900,2765500,2830300,2608900,2569300,2911500,3006600,2799100,2781500,3170900,3285700,3056000,3020700,3433100,3706600,3733100,3341200,3555000,3327900,2693000,2669700,3044300,3041900,2600000,2682300,2983000,2962100,2722300,2685400,3039100,3057400,2609800,2647000,2928300,2857100,2665600,2591100,2993400,2989300,2446800,2490500,2722300,2711600,2294000,2425600,2654800,2567300,2518200,2392200,2644800,2654300,2279000,2332900,2563100,2541100,2350500,2297400,2519800,2568400,2166700,2176000,2420000,2539900,2098000,2138300,2408800,2359800,1960000,2088500,2279600,2337500,1938500,2067800,2289200,2400000,1968600,2110700,2338500,2296600,2128900,2135600,2395500
7,Hours worked,Total employment,"M-N. Professional, scientific and technical activities; administrative and support service activities",2732200,2516700,2505300,2693400,2675900,2468200,2466900,2656000,2655700,2481400,2516200,2728300,2748200,2591500,2647700,2867200,2883000,2719400,2780100,2988400,2995400,2831300,2909400,3117200,3134400,2979600,3081600,3314300,3354800,3202000,3319200,3597100,3660800,3504800,3634400,3956900,4021700,3844600,3967600,4297600,4326500,4102800,4195400,4503100,4494500,4242100,4322800,4622700,4605200,4353500,4444000,4748200,4727500,4477600,4571500,4880600,4855100,4606200,4705900,5035100,5012500,4763800,4871300,5220800,5184700,4905100,4983100,5332000,5527100,5816100,5514600,5504600,5028300,4279600,4419100,4790200,4762600,4235000,4469000,4826900,4956200,4630300,4740900,5155400,5189600,4702700,4937000,5306000,5215000,5124200,5156100,5463700,5614700,5034700,5381900,5747700,5775800,5318600,5815000,6185200,6072100,6390400,6679100,7120700,7202400,6698800,7325300,7604700,7352300,7162400,7414300,7762300,7584100,6728100,7120200,7418700,6919400,5158300,5847000,6065500,5854900,5406200,6506400,6954000,6804300,6264000,7169900,7583400,7474300,6772700,7662200,7896900,7566000,7406100,7842900,8155000
8,Hours worked,Total employment,O-Q. Public administration and defence; compulsory social security; education; human health and social work activities,16693800,16273400,15292100,17311100,17171400,16754700,15732600,17799100,17594100,17083300,15946600,17988000,17723000,17174400,15988200,18056100,17810100,17280600,16092400,18231600,18004300,17459700,16249500,18427700,18187000,17613800,16403900,18610500,18367000,17782500,16587300,18819200,18564400,17956800,16748500,19001900,18755600,18167000,16975600,19322600,19132200,18586800,17410100,19848200,19643000,19045000,17778100,20154900,19832800,19125700,17748300,20006600,19626300,18906800,17554800,19836700,19535400,18902800,17667900,20087800,19886200,19315200,18134600,20669600,20485500,19889100,18639500,21242600,20512700,21388200,19483500,22428600,21961900,19837600,18589800,20728300,20939600,19193900,18281300,20414000,20410600,19353400,18343500,20350000,20667900,18965800,17881600,20338200,20161500,19892800,18047500,20468000,20826700,19218800,18464700,21014300,21170700,18908700,18439500,22158600,20576500,20429600,18343700,21498400,21832600,19859800,18576900,21783100,21881200,20942900,19014900,22267000,23167300,20821600,19786900,22657800,22940900,21796700,21372900,23845700,23699000,21654100,21645900,23852400,24110700,21784200,21561900,24280000,24014700,22338400,21970600,24854900,24126700,22988300,22199400,25489800
9,Hours worked,Total employment,"R-U. Arts, entertainment and recreation; other service activities; activities of household and extra-territorial organizations and bodies",2248700,2184100,2162400,2318600,2222700,2159700,2138300,2297000,2218700,2176300,2173200,2356000,2302600,2277000,2285000,2486800,2438800,2413400,2415700,2621600,2560700,2523100,2509400,2706200,2622300,2561900,2526600,2704700,2602700,2528100,2484500,2654200,2553500,2483900,2446100,2621900,2529300,2466600,2431700,2614000,2523300,2462400,2425400,2611700,2522700,2467700,2432400,2626000,2548700,2514000,2490700,2702800,2642700,2627700,2609100,2836000,2773200,2752600,2715700,2936200,2855500,2822100,2765300,2973800,2881800,2840500,2769100,2960300,2826500,2930100,2751900,2971300,2873300,2682000,2624700,2811700,2823500,2622200,2666200,2833300,2790300,2742200,2673900,2841800,2817400,2672800,2616100,2797600,2757400,2760800,2703500,2816000,2868500,2706600,2712300,2912000,2897600,2784300,2762100,3031900,2806200,2888500,2776200,2926300,2956600,2825100,2834200,3027200,3031000,2989100,2910400,3131900,3227000,3042700,2986600,3165100,3539900,2782100,3182700,3158600,3091800,3009200,3398900,3630200,3654700,3432600,3503300,3733900,3729700,3494800,3572500,3752100,3658700,3585600,3582300,3859200
10,Hours worked,Total employment,Total - All activities,58075900,56880700,54153500,60378900,58686300,57433500,54536700,60698700,58834500,57483100,54521400,60659000,58835900,57608000,54803300,61100900,59426800,58302100,55561100,61971200,60291400,59089900,56261900,62671800,60945800,59690500,56883800,63395900,61787900,60640400,57988800,64733200,63266000,62188100,59562100,66408000,64845100,63575500,60728000,67391800,65512500,63871900,60729900,67049899,64913400,63053100,59842100,65932200,63875000,62204600,59272900,65498000,63830000,62600700,60055700,66710200,65387800,64444700,62048700,69078000,67814200,66873600,64337000,71471400,69913100,68613000,65585899,72633000,73385500,76115300,68483100,73414700,66924100,61315900,59171700,65477100,64023300,60300600,59150700,64801100,63434000,62438800,60507300,66260700,65343000,62185700,60652800,66779700,65170500,65363000,62395500,68154900,67891300,64359800,63562500,69794700,68497400,65132000,65728899,73449200,70134500,72009300,68648100,76031500,74491900,72302400,71098400,78548800,76477100,75452900,71825100,79427200,78432300,73297200,70408700,77443300,76372500,65756200,67273400,72939000,70610500,66675300,70490600,77730000,76646000,72669800,74126600,82258600,80766800,75850900,76632400,83719700,79972300,78459300,76713100,84805300
11,Hours worked,Employees,"A. Agriculture, forestry and fishing",4353800,4547900,3924500,4816300,4493500,4682200,4016000,4892500,4522100,4674700,3979000,4819700,4441000,4591400,3913800,4745600,4374700,4520200,3844700,4640200,4248300,4359400,3677900,4404300,4013100,4120500,3488600,4193000,3854600,4006100,3435600,4163300,3853700,4021200,3447600,4153500,3808200,3931900,3322500,3937900,3551900,3622400,3022400,3537500,3166900,3230200,2706200,3179600,2878600,2981100,2544800,3040600,2802700,2943400,2546300,3070400,2846400,2995200,2589500,3109700,2865100,2997100,2574100,3064300,2804700,2925300,2507800,2973100,2729100,2816700,2384900,3009600,2758900,3047000,2614200,3057600,2882100,3067000,2862900,3077700,2901400,3043300,2885400,3237500,3059000,3059800,2800200,3169500,2997900,3016900,2811400,3129700,2748700,2842900,2673500,2976300,2813900,2765000,2698200,2937300,2709400,2658100,2382300,2600800,1953400,2500100,2291100,2612000,2437700,2471300,2383900,2627700,2465800,2512000,2311500,2554500,2497800,2530300,2337800,2630700,2611400,2513100,2383800,2711400,2588500,2542800,2454600,2732400,2625700,2373100,2187900,2456400,2509700,2496500,2356100,2685800
12,Hours worked,Employees,"B-E. Mining and quarrying; manufacturing; electricity, gas, steam and air conditioning supply; water supply; sewerage, waste management and remediation activities",10396700,9727500,9420000,11032400,10483200,9829000,9538800,11198300,10659300,10017400,9743600,11451300,10898100,10228300,9927000,11635600,11040200,10319700,9971600,11657400,11033300,10284900,9907000,11579100,10942300,10180200,9780900,11428600,10789300,10036900,9644200,11276000,10661000,9949500,9591000,11228300,10631000,9932300,9576300,11177900,10551400,9818400,9424300,10938800,10287100,9540500,9140200,10592900,9978000,9275700,8921400,10366300,9807100,9147100,8821400,10252600,9705000,9050100,8716400,10112600,9577200,8957500,8640200,10039900,9537700,8968800,8660300,10084400,9813100,10184500,8799000,10149100,9098200,8071600,7884200,9379900,9117400,8178000,8132500,9438600,9082800,8762100,8569000,9846300,9548700,8599100,8639200,9898200,9377400,9141400,8872200,10091300,9921400,8849100,8883000,10104900,9698700,8751900,9070500,10422300,9726900,9717300,9202100,10542600,9762300,9019000,9140900,10449200,9845700,9342400,9044400,10369100,9977100,8913900,8798600,10098100,9827800,8370799,8622500,9934300,9393600,8348799,8727600,9963000,9712000,8601200,8855200,10393400,10206600,8838400,9205700,10582400,9639700,9176000,8980700,10272100
13,Hours worked,Employees,C. Manufacturing,9506900,8873200,8510000,10108200,9593700,8972000,8622500,10260100,9748600,9133300,8793000,10470300,9943200,9305100,8942500,10624300,10066000,9392400,9000400,10668100,10091800,9398500,8986100,10639600,10045700,9328300,8883800,10498700,9887200,9163300,8708100,10292500,9698400,9011300,8584200,10169100,9597800,8930300,8508800,10061900,9472800,8783300,8332200,9808200,9203200,8504600,8048000,9464100,8890600,8227500,7805200,9205500,8681000,8059200,7663200,9050600,8542800,7935200,7539000,8894100,8400200,7829100,7448400,8799800,8338100,7817800,7444900,8827500,8659400,8953500,7562000,8898500,7916100,7038600,6773300,8239200,8002300,7174100,7043700,8334100,7967100,7734200,7483800,8717100,8440800,7596900,7585200,8777600,8320400,8093700,7793800,8990800,8810500,7844200,7818000,8970700,8595400,7766000,7999300,9211600,8625200,8580500,8079400,9338400,8581700,7943000,7990800,9210300,8638000,8178400,7861400,9100300,8720600,7794700,7624700,8816500,8505700,7206500,7385500,8588200,8102400,7209300,7502200,8669400,8421400,7447600,7606300,9032600,8833500,7597000,7884300,9136800,8265100,7855900,7605100,8797100
14,Hours worked,Employees,F. Construction,3070700,3135000,2995600,3216700,3082100,3137400,2984900,3194700,3054800,3110200,2963700,3177500,3042900,3100400,2956100,3172800,3041300,3104300,2969600,3202800,3096400,3195600,3092100,3365900,3274700,3383700,3267900,3543700,3418000,3496500,3345500,3608600,3468800,3552600,3414300,3708700,3588100,3694700,3567200,3881500,3744100,3833200,3671300,3961800,3788500,3851900,3670400,3949400,3794000,3896500,3760400,4094800,4027300,4243000,4189899,4640800,4662300,4986100,4966200,5526300,5537200,5864700,5759900,6320200,6150600,6301700,5972100,6348700,7045600,7378400,6293000,5779500,3938300,3407900,3345600,3564100,2970800,2828400,2778600,3001900,2722100,2708400,2594400,2847500,2625800,2596400,2534400,2921300,2754400,2853200,2750500,3132100,3032500,2962800,2939800,3381800,3233400,3217600,3224500,3721600,3666300,3952800,3864900,4522500,4517000,4524700,4586700,5289200,5093700,5067600,4782300,5559200,5346900,5099300,4773100,5352800,5113800,4562100,4531300,5211200,4877600,4753200,4756100,5503100,5285600,5250500,5351800,6345800,6133900,5855900,5874100,6697000,6209500,6256400,5996600,6820400
15,Hours worked,Employees,G-I. Wholesale and retail trade; repair of motor vehicles and motorcycles; transportation and storage; accommodation and food service activities,11379000,11687000,11118000,11854800,11460800,11725300,11093000,11738200,11266700,11476000,10825700,11388100,10937600,11225500,10683600,11280700,10932600,11339500,10883100,11542500,11230200,11654800,11165100,11839400,11507700,11920200,11401800,12115200,11809700,12285200,11804300,12572200,12288100,12821800,12330600,13053300,12686700,13168700,12575300,13162500,12666500,13044400,12367700,12854800,12310400,12658500,12012400,12505600,12040500,12489200,11976800,12590600,12274000,12875600,12487100,13269800,13031400,13680100,13277600,14138000,13838800,14415300,13895200,14700700,14263600,14726800,14076000,14880800,15604800,16257100,14715100,14568400,12902100,12899700,12489400,13208100,12627300,13157900,12798200,13337500,12593300,13836300,13370500,13894100,13295300,14238400,13845600,14316700,13873700,14961600,14495600,14829400,14429600,15463300,15073100,15514500,14827400,16250200,16198200,16798400,16605900,18155800,17739800,18626400,18028100,19592000,18857500,19722700,18708700,19938700,18801500,19633600,18478300,19028900,17406400,18291600,17300300,13858400,14295000,14202100,13368000,14280200,15867000,17239000,16379700,17827300,17789800,18946400,18119200,19008500,18528500,19287800,18198700,19045300,18158300,19205600
16,Hours worked,Employees,J. Information and communication,2067600,1844300,1778900,2017500,1995900,1760400,1679300,1891200,1865900,1651000,1589900,1815600,1830600,1662400,1645700,1922200,1975100,1811200,1798800,2096000,2136900,1934600,1894200,2182800,2209400,1997200,1962500,2279800,2339800,2151700,2155200,2545100,2652700,2462200,2477000,2922900,3028100,2772700,2738200,3170600,3211900,2869600,2763300,3133600,3110500,2735000,2600500,2927200,2893200,2550900,2442900,2774800,2776400,2483700,2415900,2781100,2820700,2543800,2488600,2874800,2924000,2633000,2569600,2960100,3003500,2697400,2625200,3024800,3142400,3133000,2826400,3094600,2980600,2430700,2438900,2859400,2932400,2448600,2474500,2903500,2979100,2642100,2530200,2924200,2943700,2475000,2518600,2914100,2901700,2706700,2666700,3076700,3126100,2617200,2676400,3072700,3117700,2645700,2753300,3198400,3144600,3002400,2845800,3263800,3310800,2788600,2849800,3246500,3332300,3007100,2928000,3351500,3406900,2823300,2832800,3284700,3510200,2706100,2908600,3368600,3341100,2806600,3059100,3494700,3559800,2977600,3209700,3716900,3765000,3037000,3220800,3629200,3536000,3190700,3187100,3614300
17,Hours worked,Employees,K. Financial and insurance activities,2253200,2057000,1996100,2226400,2252000,2046700,1974500,2190500,2202500,1990900,1913500,2118800,2131500,1933100,1867200,2078000,2099600,1909300,1848300,2061000,2085900,1901200,1848900,2076000,2126200,1970900,1953700,2233600,2330500,2196200,2204800,2539000,2656200,2496300,2486900,2835100,2926700,2708300,2651500,2972700,3013100,2737800,2633800,2911000,2911900,2618500,2503400,2760800,2766300,2501800,2416000,2694400,2732400,2498500,2440700,2749100,2813000,2592000,2551700,2894600,2988600,2781300,2762800,3153000,3266500,3037000,3000800,3413500,3684800,3712100,3319400,3534500,3308400,2672500,2648200,3024200,3018200,2575100,2657200,2959500,2934500,2700800,2661300,3016600,3036800,2588700,2625400,2908800,2835500,2644600,2570700,2974500,2968600,2427400,2470700,2703900,2691800,2273400,2404900,2635300,2548200,2499800,2373900,2628000,2639300,2264200,2318000,2549200,2524600,2333800,2280000,2503100,2555000,2153400,2162600,2407000,2527000,2085100,2124600,2391200,2342300,1948800,2076800,2267300,2323200,1923700,2053199,2273900,2383500,1952900,2095800,2324900,2284000,2116000,2122800,2382900
18,Hours worked,Employees,"M-N. Professional, scientific and technical activities; administrative and support service activities",2352100,2139800,2124700,2315300,2302300,2097300,2091500,2282300,2284300,2109700,2136900,2348700,2369200,2210700,2258400,2478600,2495700,2331000,2384100,2595200,2604800,2439800,2510300,2721600,2741000,2584200,2677300,2912100,2953000,2796200,2902200,3179800,3241500,3080100,3196800,3518100,3581300,3400200,3512300,3844300,3875100,3651100,3736200,4049500,4045200,3793600,3867300,4173600,4160399,3909600,3993100,4305200,4290300,4043100,4132200,4451600,4433400,4188200,4284000,4622700,4606100,4359600,4461500,4817600,4785000,4505800,4576700,4925700,5103300,5366500,5076700,5072200,4636800,3891500,3999800,4372100,4371300,3856400,4091000,4460900,4537100,4261500,4359500,4755400,4792000,4274000,4519900,4887700,4787300,4715400,4733200,5047100,5165400,4617700,4958000,5336000,5355500,4895600,5372100,5765300,5670200,5974800,6202600,6685500,6793800,6268800,6880500,7217200,6930400,6735500,6983900,7355600,7202400,6330000,6671500,6996400,6524200,4808200,5443400,5641700,5445100,4998800,6067600,6493700,6385000,5815200,6690400,7113300,6984500,6302500,7201200,7472200,7116900,6953700,7388100,7707000
19,Hours worked,Employees,O-Q. Public administration and defence; compulsory social security; education; human health and social work activities,16179500,15751700,14774200,16779100,16635400,16207100,15186100,17235700,17025100,16502400,15368100,17393500,17124800,16566000,15385200,17439500,17191600,16653900,15473600,17601600,17374700,16825300,15627400,17798600,17561500,16988000,15794700,17998200,17759100,17175100,15996300,18224000,17970700,17360900,16165900,18412200,18164000,17570800,16390800,18729300,18535700,17985200,16820300,19250500,19043300,18441700,17188300,19559500,19238100,18529900,17168000,19423200,19045400,18325800,16989600,19268600,18968600,18334500,17113500,19528500,19325400,18750800,17582300,20111000,19923600,19322700,18085000,20675800,19917100,20801300,18902000,21842100,21368900,19257300,18015300,20149800,20386800,18610200,17734200,19879100,19839400,18786900,17778600,19787000,20099000,18372100,17301300,19803900,19553300,19297600,17496300,19951800,20203600,18656400,17914600,20395100,20572100,18328600,17856400,21519100,19933600,19815200,17748900,20917900,21223700,19254500,17960100,21211300,21290100,20331300,18380900,21674200,22542500,20160600,19145100,22008700,22346400,21172600,20739100,23117400,23034500,21030600,20943300,23155300,23444300,21119800,20904900,23646200,23321200,21687200,21295800,24218900,23461200,22325300,21523100,24825400
20,Hours worked,Employees,"R-U. Arts, entertainment and recreation; other service activities; activities of household and extra-territorial organizations and bodies",1887500,1849400,1825400,1962800,1863800,1823400,1797000,1934200,1848700,1823700,1810500,1965700,1901100,1892700,1888400,2059500,1999800,1995700,1987300,2162900,2093100,2082300,2061699,2231400,2142900,2115400,2078300,2233600,2130900,2092000,2048900,2198000,2097200,2062000,2024400,2178500,2084400,2056199,2021800,2180700,2087600,2062600,2026300,2188400,2096500,2075100,2038400,2207800,2126400,2118900,2090699,2278400,2212800,2220700,2196200,2399800,2332900,2336200,2295800,2495900,2413600,2405200,2346000,2536500,2444300,2426600,2352600,2526500,2397300,2520800,2342600,2519900,2430700,2252000,2222400,2434200,2410300,2254800,2259400,2420100,2368600,2336200,2254900,2416400,2406000,2253400,2209400,2397000,2356900,2380800,2294000,2426000,2468700,2344900,2338100,2496400,2483300,2413300,2374200,2691000,2456400,2518000,2370700,2579600,2587400,2448600,2436300,2641300,2629500,2588900,2502700,2732200,2807100,2623100,2554900,2778500,3168700,2438400,2788600,2723500,2698800,2628800,2976200,3155600,3146700,2951500,3050900,3262200,3218400,3007300,3125400,3306700,3182400,3124800,3126400,3401000
21,Hours worked,Employees,Total - All activities,54097000,52878500,50093900,56375300,54718900,53442600,50494500,56710700,54882900,53497400,50476300,56650100,54851000,53572500,50692600,57009700,55351500,54171300,51353400,57785400,56131600,54887300,51997000,58443600,56759300,55473800,52614700,59170700,57607800,56429800,53724300,60514300,59091000,57985700,55313100,62216400,60705100,59426400,56552600,63289700,61475500,59847600,56697200,63099600,61038900,59202600,55990800,62164500,60185900,58538700,55605400,61908700,60313100,59099800,56547300,63269000,62004400,61066900,58653200,65736300,64513800,63567800,61003800,68182700,66659500,65347700,62292000,69351700,69972900,72670800,65086700,69994200,63777300,58209900,55946600,62392100,61053900,57269500,56095600,61837800,60298400,59383100,57314100,63103000,62171500,58777700,57332500,63613900,61814000,62082400,59055700,65077300,64488300,61148800,60313300,66425200,65222500,61912600,62353500,70167400,66898800,68721300,65161800,72857900,71313300,69087400,67782700,75473100,73320100,72308800,68606100,76390400,75373400,70141700,67168000,74362500,73438900,62990000,64325100,69816900,67641200,63773100,67397200,74590100,73401900,69502700,70913400,79047600,77356300,72587000,73325300,80635400,76771200,75284100,73495800,81649500
22,Hours worked,Self employed,"A. Agriculture, forestry and fishing",1086400,1090900,1111100,1036099,1045200,1038500,1044099,963400,965500,957800,961700,890400,900000,904300,919200,862100,881600,893400,912800,858300,877200,885900,901000,843500,859600,867400,883800,830600,851400,866400,890800,843800,870300,889400,915500,865400,887700,900400,917600,857600,869100,870800,877900,812000,814800,809200,811600,747300,747300,740100,743000,686300,690200,689200,699700,654500,667600,676000,694700,655600,670800,677400,691000,644900,650400,647100,649700,598600,600700,593900,598800,559100,612700,611600,627000,577100,579100,603400,611400,548000,611600,605700,648900,605100,653800,715000,683300,617700,663600,650600,659500,594100,676000,637100,650100,605400,631000,629300,632600,594700,601000,600900,622200,558000,569900,552800,563300,507800,532500,520200,529000,493800,505800,515400,519700,483500,517200,515299,526000,490400,480200,485700,503700,465300,483300,488500,504900,474200,504700,497100,508700,480000,496500,493300,505400,477200
23,Hours worked,Self employed,"B-E. Mining and quarrying; manufacturing; electricity, gas, steam and air conditioning supply; water supply; sewerage, waste management and remediation activities",249500,254000,258700,253200,245400,249700,254700,249800,243300,249400,256500,253300,248400,255800,264100,261399,256700,264600,273200,270500,265900,274300,283200,280300,274800,282000,288900,283400,275000,278800,282000,273500,262900,264700,266200,257300,247000,248400,249800,241200,231300,231900,232300,223200,213300,212900,212400,203400,194000,193200,192500,184000,175100,173700,172100,163700,154900,152800,150600,142800,135300,133900,132900,127300,122200,122700,123600,122500,133800,138400,135600,129000,111800,108800,111300,111000,98100,100500,102500,97000,101700,103700,102900,103000,101900,107600,103200,98000,101200,101500,100100,104000,112200,103800,105200,104500,103300,104700,113400,104900,101500,103700,113500,103600,90600,93200,96700,97900,87100,87100,89300,87700,83100,86100,87900,86600,70300,65900,71800,73400,69600,67700,67500,67400,65400,68700,70300,70800,66900,68300,69900,66500,61200,61900,62200,61200
24,Hours worked,Self employed,C. Manufacturing,249300,253900,258600,253100,245200,249600,254600,249600,243200,249200,256399,253200,248200,255600,263900,261200,256500,264300,272700,270000,265300,273700,282500,279600,274100,281300,288200,282800,274400,278300,281500,273100,262700,264400,266000,257000,246800,248100,249600,240900,231100,231500,232000,222900,212900,212400,212000,202900,193500,192800,192000,183600,174800,173300,171800,163400,154700,152500,150300,142600,135000,133600,132500,126900,121900,122300,123100,122100,133500,138100,135300,128699,110500,107300,109700,109500,96400,98700,100800,95300,100500,102300,101200,101100,100400,106000,101600,96500,99900,100200,98800,102800,110800,102500,103700,103100,101900,103400,112000,103700,100300,102000,111000,101200,88500,91100,94600,95800,85300,85300,87400,85800,81100,84100,86100,84600,68600,64400,70300,71600,68300,66600,66400,66300,64599,67900,69800,70000,66500,67600,69000,65600,60300,61000,61300,60400
25,Hours worked,Self employed,F. Construction,380300,398800,412600,426000,399300,421700,438000,452400,424100,447300,463400,477100,446900,472000,489800,504900,474600,503200,523500,539900,507200,536400,555900,570100,533100,561600,579400,590900,550200,576900,591600,599200,553900,576200,586600,590100,543700,565700,576800,581600,538000,561900,574400,579100,534200,554800,562500,561300,512799,527300,529600,523700,475400,486800,487600,481800,438400,451600,456000,455500,421100,442400,456000,464200,437200,466400,485600,509000,584500,594800,568400,606800,407400,422200,470700,446500,348500,420800,424700,425200,384800,426800,489300,453300,408300,475400,488900,470100,489700,500900,537800,426900,464000,483800,501000,537700,441800,468400,526800,548900,512100,523100,558000,511900,488900,508300,546400,511100,490300,474000,465900,465600,469600,452300,467500,459900,448700,417400,425900,476100,395500,421700,430600,427800,489800,429800,432700,423000,430300,427100,473900,452900,447200,434400,442900,440700
26,Hours worked,Self employed,G-I. Wholesale and retail trade; repair of motor vehicles and motorcycles; transportation and storage; accommodation and food service activities,896100,916200,931600,914900,898300,918000,932600,914900,897300,916500,931000,912900,894900,914400,929200,910800,892200,911100,925000,905500,885700,903500,916400,896400,876400,894700,908600,889400,870200,888700,901900,879900,856900,868300,872300,841200,809900,809800,802800,765400,731300,726400,717600,684100,655100,653400,649900,623800,601200,604000,604700,583300,563700,567900,569200,549000,530000,533700,534400,515400,498200,502900,505600,489700,476000,483200,488600,477800,477900,506400,493200,485200,434700,407500,457100,413600,409800,405700,407800,415400,427400,411400,411200,436600,433600,450600,431600,431400,451500,434100,452400,431100,454900,434300,430400,463300,457100,435900,471300,425000,429800,465900,511200,450100,466400,469600,471400,436200,439200,433500,479700,416500,391100,433300,453300,409900,311600,254000,288400,268700,332000,313000,316000,322100,372600,355000,387800,395700,435900,439800,455100,373500,384200,386100,395900,382300
27,Hours worked,Self employed,J. Information and communication,88700,86600,87300,85400,88600,86300,87000,85100,88500,86700,88000,86800,91300,90500,93000,92700,98400,97900,100700,100400,106300,105400,108000,107300,113500,112600,115500,115000,122200,121700,125400,125300,133700,133500,137800,137500,146000,144700,147700,145400,152000,147800,147900,142700,146500,140100,138200,131800,134500,128300,126800,121600,125200,120800,120900,117300,122300,118900,119900,116900,122400,119200,120200,117200,122700,119600,120600,118300,120700,118300,123900,123700,112600,116500,120000,120500,127400,120300,125400,113800,143500,117900,123200,118600,145100,164100,156400,145900,156600,153200,150300,144900,165400,156500,158700,158200,151100,150100,158100,151100,141100,138700,147400,135400,127900,131500,129600,118700,134100,134500,132300,125600,134300,140400,139900,133400,165100,136700,143000,159900,156800,140200,146300,161100,175000,163700,160100,202500,211100,158100,152900,144900,155600,157700,158800,159600
28,Hours worked,Self employed,K. Financial and insurance activities,11500,11300,11800,11400,12000,11800,12400,11900,12500,12200,12800,12300,12900,12600,13300,12700,13400,13100,13800,13200,13900,13600,14100,13500,14100,13700,14200,13600,14300,14000,14700,14200,15200,15200,16200,15700,16900,16800,17600,17000,17900,17400,18000,17000,17700,17100,17500,16500,17200,16600,17200,16200,17100,16600,17200,16400,17300,17000,17700,16900,18000,17800,18700,18000,19200,19000,19900,19500,21800,21000,21800,20400,19500,20500,21500,20100,23700,24900,25200,23500,27500,21500,24100,22500,20500,21100,21700,19500,21600,21000,20300,18900,20700,19400,19800,18400,19800,20500,20600,19600,19100,18500,18300,16800,15100,14800,14900,13900,16500,16700,17400,16700,13400,13300,13400,13000,12900,12900,13700,17600,17500,11200,11700,12300,14300,14800,14600,15300,16500,15700,14900,13600,12700,12800,12800,12500
29,Hours worked,Self employed,"M-N. Professional, scientific and technical activities; administrative and support service activities",380000,376900,380600,378000,373700,370900,375400,373700,371400,371800,379300,379500,379000,380800,389400,388600,387200,388400,396000,393100,390600,391500,399100,395600,393400,395400,404300,402200,401800,405800,417000,417400,419300,424800,437600,438900,440400,444300,455300,453300,451400,451700,459200,453600,449300,448500,455500,449100,444700,443900,450900,443100,437200,434600,439300,429000,421600,418000,421900,412300,406300,404300,409800,403200,399700,399300,406500,406300,423800,449600,437900,432400,391500,388100,419300,418100,391300,378700,378000,366000,419200,368800,381300,400000,397700,428700,417200,418400,427600,408900,422900,416600,449300,417000,423900,411700,420300,423000,442900,419900,401900,415600,476500,435200,408600,430100,444800,387500,421900,426900,430400,406700,381700,398100,448700,422300,395300,350100,403600,423800,409800,407400,438900,460300,419300,448800,479500,470100,489800,470200,461000,424700,449200,452400,454800,448000
30,Hours worked,Self employed,O-Q. Public administration and defence; compulsory social security; education; human health and social work activities,514299,521700,517900,531900,536000,547600,546500,563400,568900,580900,578500,594500,598300,608300,603000,616700,618500,626700,618700,630000,629600,634500,622200,629100,625400,625800,609100,612400,607900,607400,591000,595200,593700,595900,582600,589700,591600,596200,584800,593300,596500,601600,589800,597700,599800,603300,589800,595300,594700,595800,580300,583400,580900,581000,565200,568100,566800,568300,554400,559300,560800,564400,552300,558600,561900,566300,554500,566800,595600,586900,581400,586400,593000,580300,574500,578500,552800,583700,547100,534900,571200,566500,564900,563000,568900,593800,580400,534300,608200,595100,551100,516200,623100,562400,550200,619100,598600,580100,583100,639500,642800,614500,594800,580500,608900,605200,616900,571800,591100,611700,634000,592800,624800,660900,641800,649100,594600,624000,633700,728300,664500,623500,702600,697100,666400,664400,657000,633900,693500,651300,674800,636000,665600,663000,676300,664400
31,Hours worked,Self employed,"R-U. Arts, entertainment and recreation; other service activities; activities of household and extra-territorial organizations and bodies",361100,334700,337000,355800,358900,336300,341200,362800,370000,352600,362700,390200,401500,384300,396600,427400,439000,417700,428500,458600,467600,440800,447700,474800,479400,446500,448300,471100,471800,436100,435600,456200,456300,421900,421700,443400,444900,410400,409900,433300,435700,399800,399100,423300,426200,392600,393900,418200,422400,395100,400000,424400,429800,407000,412800,436200,440300,416400,420000,440300,441900,416900,419300,437300,437400,413900,416500,433800,429200,409300,409300,451300,442600,430000,402300,377500,413200,367400,406800,413200,421800,406000,419000,425300,411400,419400,406700,400600,400400,379900,409500,390000,399900,361700,374200,415600,414300,371000,387900,340900,349800,370500,405500,346700,369200,376400,397900,385900,401500,400100,407700,399700,419900,419600,431800,386600,371300,343700,394000,435200,393000,380400,422600,474600,507900,481100,452400,471700,511300,487500,447100,445400,476300,460800,455900,458200
32,Hours worked,Self employed,Total - All activities,3979000,4002200,4059700,4003600,3967400,3990900,4042200,3988000,3951600,3985700,4045200,4008900,3984900,4035500,4110700,4091200,4075200,4130700,4207600,4185800,4159800,4202600,4264900,4228300,4186500,4216600,4269200,4225200,4180100,4210600,4264500,4218800,4175000,4202400,4249000,4191700,4140000,4149100,4175500,4102100,4037000,4024300,4032700,3950300,3874500,3850500,3851300,3767700,3689000,3665900,3667400,3589300,3516900,3500800,3508300,3441200,3383400,3377800,3395500,3341700,3300400,3305800,3333200,3288700,3253600,3265300,3293900,3281300,3412600,3444600,3396300,3420500,3146800,3105900,3225100,3085000,2969400,3031100,3055100,2963300,3135500,3055800,3193200,3157700,3171500,3408000,3320300,3165800,3356500,3280700,3339800,3077700,3403000,3211000,3249200,3369400,3274900,3219400,3375400,3281900,3235600,3287900,3486200,3173600,3178600,3215000,3315700,3075700,3157000,3144100,3219100,3036800,3058900,3155500,3240700,3080800,2933600,2766200,2948300,3122100,2969300,2902200,3093400,3139900,3244100,3167100,3213200,3211000,3410500,3263800,3307000,3084300,3201100,3175300,3217300,3155700
33,Persons,Total employment,"A. Agriculture, forestry and fishing",11300,12000,12000,11800,11600,12200,12200,11900,11200,11800,11700,11500,11100,11700,11700,11500,11300,11900,11800,11600,11200,11700,11700,11400,10800,11300,11200,11000,10400,11200,11100,10900,10500,11000,10900,10800,10100,10600,10300,10100,9500,9700,9900,9600,9000,9400,9200,9000,8600,9000,8900,8700,8100,8400,8400,8500,8500,9000,8800,8700,8400,8900,8600,8600,8100,8500,8200,8000,7400,7700,7400,7600,7400,8100,7900,7800,7400,8100,8200,7800,7500,8200,8200,8000,7600,8300,8300,8000,7600,8200,8300,8000,7400,7900,8000,7700,7300,7800,8000,7700,7200,7600,7600,7300,6200,7300,7300,7100,6700,7200,7400,7100,6700,7200,7300,7000,6600,7000,7100,7000,6800,7200,7200,7000,6700,7100,7200,7000,6600,6900,6800,6700,6700,7200,7200,7100
34,Persons,Total employment,"B-E. Mining and quarrying; manufacturing; electricity, gas, steam and air conditioning supply; water supply; sewerage, waste management and remediation activities",23100,23900,24300,23500,22300,22900,23300,22600,22400,23100,23500,22800,23100,23900,24400,23600,22800,23500,24000,23400,22700,23600,24100,23400,23100,23900,24500,23800,22700,24100,24400,23400,22300,23300,23500,23100,22300,23200,23500,23500,22300,22500,23300,22700,21500,22300,22500,21800,20800,22000,22200,21900,21000,22300,22500,22000,21900,22800,22900,22400,21700,22800,23200,23000,22500,23700,23900,23600,23400,24200,24000,23000,21400,22300,22600,22000,21300,22400,22800,22100,21400,23000,23700,22900,22200,23600,24200,23200,22600,23900,24600,23800,23200,24300,24800,23900,23200,24500,25100,24300,23800,24900,25500,24700,23500,24800,25400,24600,24100,25200,25700,24900,23900,24900,25300,24400,23200,23600,24000,23100,22400,23800,24300,23900,23500,24600,25000,24900,24400,25400,25800,25500,24600,25400,25600,25200
35,Persons,Total employment,C. Manufacturing,21600,22300,22500,21900,20800,21400,21600,21100,20900,21500,21800,21300,21600,22300,22600,22100,21400,22000,22300,21900,21300,22000,22400,21900,21700,22400,22800,22300,21100,22400,22600,21800,20700,21500,21600,21400,20600,21300,21600,21700,20500,20500,21100,20800,19600,20200,20200,19800,18800,19800,19900,19800,18900,20000,20000,19800,19700,20400,20400,20100,19600,20500,20600,20700,20200,21200,21200,21100,21100,21700,21100,20600,19100,19800,19900,19700,19100,19900,20100,19800,19200,20500,21100,20600,19900,21100,21600,20900,20400,21500,22000,21500,20900,21800,22200,21500,20900,22000,22300,21800,21400,22300,22800,22200,21000,22100,22500,22000,21500,22400,22700,22200,21300,22000,22300,21700,20500,20800,20900,20400,19700,20900,21300,21200,20800,21600,21900,22000,21500,22200,22500,22400,21500,22100,22200,22000
36,Persons,Total employment,F. Construction,5400,6400,7200,7000,5200,6200,6900,6800,5300,6300,7000,6900,5700,6600,7400,7300,5700,6700,7500,7400,4700,5400,6100,6100,7300,8100,8800,8700,5900,6900,7500,6800,6100,7100,8200,7500,6700,8100,9200,8800,7800,8700,9500,8400,7600,8500,9100,8400,7400,8400,9500,9000,8400,9500,10200,10100,11100,12700,13800,13800,14100,16500,17700,17300,17800,19400,20300,18700,17200,17900,17300,14600,10600,10500,10800,9900,8500,9000,9300,8700,7900,8500,8800,8300,7600,8400,8800,8500,8200,8800,9300,9000,8700,9400,9800,9700,9300,10200,10600,10500,10400,11600,12400,12300,12200,13400,14200,14200,13900,14700,15000,14900,14500,15300,15400,14700,13600,13900,14200,13900,13400,14700,15100,15000,14800,16200,16800,17100,16700,18000,18500,18200,17700,18900,19300,18900
37,Persons,Total employment,G-I. Wholesale and retail trade; repair of motor vehicles and motorcycles; transportation and storage; accommodation and food service activities,29300,30200,31200,30400,29900,30800,31700,30900,29400,30400,31500,30700,26800,27700,28900,28200,28500,29400,30500,29800,29200,30000,31200,30400,29900,30700,31900,31300,30100,31400,32800,32800,32400,33700,34800,35200,33900,34900,35800,35800,33900,35100,35500,35000,32200,33000,33800,33100,31100,32400,33500,33000,31400,32500,33900,33700,35700,37300,38400,38400,37900,39400,40600,40700,39500,40800,42100,41500,42200,43200,43200,40100,36600,37500,38800,37700,36100,38000,39300,38000,36600,39300,41000,39500,38200,41000,43100,41300,40000,42700,44700,42900,41800,44700,46700,44700,43500,47100,49600,48000,47500,51400,54500,53000,51900,55700,58100,56000,53800,56800,58400,55900,53100,54600,55600,53000,50000,46300,45800,42500,41200,44200,49000,49900,48400,52700,55200,54400,52900,56300,58000,56000,53700,56400,57600,55700
38,Persons,Total employment,J. Information and communication,5400,5300,5300,5300,5100,5100,5000,5000,4500,4500,4400,4400,4300,4300,4400,4400,5100,5200,5300,5300,5600,5600,5700,5700,5300,5300,5400,5500,5500,5700,5700,5900,6100,6300,6500,6600,6900,7200,7400,7500,7500,7600,7500,7100,6900,6900,7100,7100,6900,7000,7000,6900,6900,7000,6900,7000,6700,7000,7100,7000,7200,7300,7200,7300,7400,7300,7400,7500,7900,7900,7800,7600,7400,7200,7100,7300,7200,7100,7100,7300,7400,7400,7300,7300,7300,7300,7300,7400,7500,7500,7600,7700,7700,7700,7700,7700,7700,7800,7900,8000,8100,8100,8000,8100,8100,8000,7900,8000,8300,8300,8200,8300,8200,8100,8000,8100,8200,7900,7900,8100,8100,8200,8300,8600,8700,8900,8900,9200,9200,9000,8900,9000,9100,9100,9000,9100
39,Persons,Total employment,K. Financial and insurance activities,4800,4900,5100,4700,5000,5100,5200,4900,5000,5100,5200,4800,4600,4700,4800,4400,4700,4700,4900,4600,4300,4300,4400,4200,4100,4200,4300,4000,5500,5800,6000,5600,5700,6100,6500,6100,6200,6600,6900,6500,6100,6400,6600,6100,5900,6300,6500,6000,5400,5600,5800,5400,5500,5900,6000,5800,6000,6300,6500,6200,6400,6700,6800,6600,6900,7400,7700,7500,8000,8200,8200,7600,7000,7000,7000,6800,6600,6800,6900,6600,6500,6800,6900,6600,6500,6700,6800,6400,6300,6500,6500,6300,6200,6300,6300,5900,5800,6000,6100,5700,5700,5900,6000,5800,5600,5800,5900,5600,5600,5800,5800,5600,5500,5700,5700,5400,5300,5400,5400,5200,5100,5300,5300,5100,5100,5300,5300,5200,5200,5400,5500,5300,5400,5600,5600,5500
40,Persons,Total employment,"M-N. Professional, scientific and technical activities; administrative and support service activities",5900,6100,6300,6000,5800,6000,6100,5900,6000,6200,6400,6200,6500,6800,7000,6700,6700,6900,7100,6800,6700,7000,7100,6900,7000,7300,7500,7200,7400,7900,8200,7900,7700,8100,8500,8800,8800,9300,9700,9500,9400,10000,10400,10000,9700,10200,10500,10100,10100,10600,11000,10600,10200,10900,11200,10900,11100,11700,12100,11700,11500,12400,12900,12500,12500,13300,13700,13100,12900,13700,14100,12600,11700,12000,12200,11700,11200,11900,12300,11800,11700,12500,13000,12300,12200,13100,13700,13000,12700,13600,14100,13400,13300,14200,14800,14200,14000,15100,15900,15200,15200,16900,18200,17500,17400,19100,20200,19000,18400,19900,20800,19500,18600,19600,20400,18900,17100,16700,16900,15400,14900,16500,18300,17700,17300,19100,20400,19500,18900,20600,21900,20700,20300,21900,22900,21500
41,Persons,Total employment,O-Q. Public administration and defence; compulsory social security; education; human health and social work activities,35100,37600,39300,35200,36500,39200,41100,36900,37200,39900,41800,37600,37800,40500,42300,38200,38600,41200,43100,38900,38800,41400,43100,38900,38600,41100,42800,38700,38900,41800,43900,39400,38800,42000,44300,39800,38900,42200,44400,40000,40600,44100,46600,42100,41800,45400,47900,43200,43600,47900,50400,45000,43300,46800,48800,44000,44000,47300,49400,44700,44700,48600,51100,46700,46500,49900,52200,47700,47300,51300,54400,49900,49000,52800,54900,48700,48100,51800,54300,48700,48100,51900,53300,48300,48200,51400,53300,49200,49000,52500,53800,49800,49800,53100,54700,50600,50500,52800,54900,52400,50800,53100,54100,51600,51400,53900,54900,52800,53400,55800,57000,54400,54700,57600,60300,56600,57000,61700,65500,59100,58600,62800,66300,60300,60200,63700,66100,61700,61700,65200,67500,63300,63500,66700,69600,65700
42,Persons,Total employment,"R-U. Arts, entertainment and recreation; other service activities; activities of household and extra-territorial organizations and bodies",5300,5400,5600,5400,5100,5300,5400,5300,5000,5300,5400,5400,5700,5900,6100,6000,6100,6300,6500,6400,6500,6700,6800,6700,6700,6900,7100,6900,6600,6800,6900,6800,6400,6700,6800,6700,6400,6600,6800,6600,6200,6500,6600,6500,6400,6700,6900,6700,6600,6900,7100,7000,6900,7300,7400,7300,7400,7700,7900,7800,7500,7800,8000,7900,7900,8100,8200,8100,8000,8200,8300,8100,8000,8300,8400,8200,8000,8300,8600,8300,8100,8400,8500,8300,8200,8400,8400,8200,8200,8500,8600,8300,8400,8600,8700,8600,8600,8900,8800,8600,8500,8800,8900,8700,8700,9000,9100,9000,9100,9300,9500,9500,9600,9900,9900,9700,10500,9900,10300,9600,9500,10200,10900,10800,10800,11300,11400,11300,11200,11600,11700,11500,11600,11900,11900,11900
43,Persons,Total employment,Total - All activities,126200,132500,136700,129900,126800,133200,137300,130600,126400,132800,137300,130699,126100,132600,137400,130900,130199,136400,141300,134800,130300,136400,140900,134400,133400,139400,144200,137800,133600,142100,147300,140300,136400,144900,150600,145200,140700,149400,154700,148800,144000,151200,156500,148200,141800,149500,154500,146300,141300,150600,156200,148300,142400,151400,156300,150200,153500,163000,168100,162000,160600,171500,177400,171800,170300,179800,185100,177200,175500,183700,185900,172200,160100,166600,170700,161100,155400,164400,169700,160400,156000,166900,171600,162500,158900,169300,174900,166200,163100,173300,178600,170300,167600,177300,182600,174300,171000,181300,188000,181800,178500,189600,196400,190400,186200,198300,204400,197800,194600,204600,209400,201700,196300,204300,209400,199700,193200,194000,198600,185600,181400,194300,206200,200000,197000,210500,218000,212000,208400,220100,226400,218100,214100,224800,230800,222500
44,Persons,Employees,"A. Agriculture, forestry and fishing",6400,7100,7000,7000,6700,7400,7300,7300,6900,7400,7400,7300,6800,7400,7300,7300,7000,7500,7500,7400,7000,7500,7400,7300,6700,7200,7100,7100,6600,7300,7200,7200,6600,7200,7000,7000,6200,6700,6400,6400,5900,6100,6300,6200,5800,6200,6000,6000,5600,6100,5900,5800,5300,5700,5600,5800,5800,6200,5900,6000,5700,6100,5900,5900,5500,5900,5700,5600,5100,5500,5200,5500,5100,5800,5600,5600,5200,5800,5900,5700,5300,6000,5900,5800,5400,6000,5900,5800,5400,5900,6000,5800,5200,5700,5800,5600,5200,5600,5800,5600,5100,5500,5400,5300,4300,5400,5400,5300,4900,5400,5500,5300,4900,5300,5400,5200,4800,5200,5300,5200,5100,5400,5400,5300,5000,5400,5400,5300,5000,5200,5100,5000,5100,5500,5500,5500
45,Persons,Employees,"B-E. Mining and quarrying; manufacturing; electricity, gas, steam and air conditioning supply; water supply; sewerage, waste management and remediation activities",22500,23200,23600,22800,21700,22300,22700,21900,21800,22500,22900,22200,22500,23200,23700,23000,22200,22900,23400,22700,22100,22900,23400,22700,22400,23200,23700,23000,22000,23400,23700,22700,21700,22600,22900,22500,21700,22600,22900,22900,21700,22000,22700,22100,21000,21800,22000,21200,20300,21500,21700,21400,20600,21900,22000,21500,21500,22400,22500,22000,21400,22400,22800,22600,22200,23300,23500,23300,23100,23900,23600,22600,21100,22000,22300,21700,21000,22100,22500,21800,21100,22700,23400,22600,21800,23200,23900,22900,22300,23600,24300,23500,22900,24000,24500,23500,22900,24200,24700,24000,23500,24600,25200,24400,23200,24500,25100,24300,23800,24900,25400,24600,23600,24600,25000,24100,23000,23400,23700,22900,22200,23600,24100,23700,23300,24300,24700,24700,24200,25200,25600,25300,24400,25200,25400,24900
46,Persons,Employees,C. Manufacturing,21000,21600,21900,21300,20200,20800,21000,20400,20300,20900,21200,20700,21000,21600,21900,21400,20700,21300,21700,21200,20700,21400,21700,21200,20900,21600,22000,21500,20400,21700,21900,21100,20100,20900,21000,20700,20000,20700,21000,21100,19900,20000,20500,20200,19100,19700,19700,19200,18300,19300,19400,19300,18400,19500,19600,19300,19300,20000,19900,19700,19200,20100,20300,20300,19900,20800,20900,20800,20700,21300,20800,20200,18800,19500,19500,19400,18800,19600,19800,19500,18900,20200,20800,20300,19600,20800,21300,20600,20100,21200,21700,21200,20600,21500,21900,21200,20600,21700,22000,21500,21100,22000,22400,21900,20700,21900,22200,21700,21300,22200,22400,22000,21000,21800,22000,21400,20300,20500,20700,20200,19500,20700,21000,21000,20500,21400,21600,21800,21300,22000,22300,22200,21300,21900,22000,21800
47,Persons,Employees,F. Construction,4500,5500,6200,6000,4200,5200,5900,5800,4200,5200,5900,5800,4600,5500,6300,6100,4600,5500,6300,6200,3600,4300,4900,4900,6200,6900,7600,7500,4700,5700,6300,5600,4900,6000,7000,6300,5600,7000,8000,7600,6600,7500,8200,7200,6300,7300,7800,7100,6200,7300,8300,7800,7200,8300,9000,8800,10000,11600,12600,12600,12900,15300,16400,16000,16500,18100,18900,17400,15700,16400,15800,13100,9300,9100,9400,8500,7200,7700,7900,7400,6500,7100,7400,6900,6200,7000,7400,7100,6700,7400,7800,7600,7300,8000,8400,8200,7900,8800,9200,9100,9000,10200,10900,10900,10900,12100,12800,12800,12600,13500,13700,13700,13200,14000,14100,13400,12400,12700,13000,12700,12200,13500,13900,13800,13500,15000,15500,15800,15500,16800,17200,16900,16500,17600,18100,17600
48,Persons,Employees,G-I. Wholesale and retail trade; repair of motor vehicles and motorcycles; transportation and storage; accommodation and food service activities,27000,27900,28800,28000,27500,28500,29300,28500,27000,28000,29000,28200,24400,25300,26500,25700,26200,27000,28200,27400,26900,27700,28800,28000,27600,28400,29600,28900,27800,29100,30600,30500,30100,31400,32600,32900,31700,32800,33700,33600,31900,33100,33500,33100,30400,31200,32100,31400,29400,30700,31800,31300,29800,31000,32299,32100,34200,35800,36900,36900,36400,37900,39100,39300,38000,39400,40600,40100,40800,41700,41700,38600,35200,36100,37300,36300,34800,36700,37900,36700,35200,37900,39600,38100,36800,39600,41600,39800,38600,41300,43300,41500,40300,43300,45300,43300,42200,45700,48200,46600,46100,50000,53000,51600,50500,54400,56700,54700,52400,55500,57000,54500,51800,53200,54200,51600,48800,45200,44600,41300,40000,43100,47800,48800,47200,51500,54000,53200,51600,55000,56600,54800,52400,55200,56300,54500
49,Persons,Employees,J. Information and communication,5100,5100,5100,5100,4900,4900,4800,4800,4300,4200,4200,4200,4100,4100,4100,4200,4900,4900,5000,5100,5300,5400,5400,5400,5000,5000,5100,5200,5100,5400,5400,5600,5700,6000,6100,6300,6500,6800,7000,7100,7000,7200,7100,6600,6500,6500,6800,6700,6500,6700,6700,6600,6500,6700,6600,6700,6400,6600,6800,6700,6900,7000,6900,7000,7100,7000,7100,7200,7600,7600,7400,7200,7000,6800,6800,6900,6900,6800,6700,6900,7000,7000,6900,6900,6900,6900,6900,7000,7000,7100,7100,7300,7200,7200,7200,7200,7200,7300,7400,7500,7600,7600,7600,7700,7600,7600,7500,7600,7900,7900,7800,7900,7800,7600,7600,7700,7700,7400,7400,7500,7600,7700,7900,8100,8200,8300,8400,8600,8600,8500,8400,8500,8600,8600,8500,8600
50,Persons,Employees,K. Financial and insurance activities,4800,4900,5000,4700,5000,5100,5200,4800,4900,5000,5100,4800,4600,4600,4700,4400,4600,4700,4800,4500,4200,4300,4400,4100,4100,4100,4200,4000,5500,5800,6000,5600,5700,6100,6400,6000,6100,6600,6900,6400,6000,6300,6500,6100,5900,6200,6400,6000,5300,5600,5800,5400,5500,5800,6000,5700,5900,6200,6400,6200,6300,6600,6800,6600,6900,7300,7600,7400,7900,8200,8100,7500,7000,6900,6900,6700,6500,6700,6900,6500,6400,6800,6800,6500,6400,6600,6700,6300,6200,6400,6500,6200,6100,6200,6300,5900,5800,5900,6000,5700,5600,5900,6000,5700,5600,5800,5900,5600,5500,5800,5800,5500,5500,5600,5600,5400,5200,5300,5300,5200,5100,5200,5200,5100,5000,5200,5300,5200,5100,5300,5400,5300,5300,5500,5600,5500
51,Persons,Employees,"M-N. Professional, scientific and technical activities; administrative and support service activities",5000,5200,5300,5000,4800,5000,5200,4900,5000,5200,5400,5100,5500,5800,5900,5600,5600,5900,6100,5800,5700,6000,6100,5900,6000,6300,6500,6200,6400,6900,7200,6900,6600,7100,7500,7700,7700,8200,8600,8400,8300,8900,9300,8800,8600,9100,9400,8900,8900,9500,9800,9400,9000,9700,10000,9700,10000,10600,11000,10600,10400,11300,11800,11300,11300,12100,12600,12000,11800,12600,13000,11500,10500,10800,11000,10400,10000,10700,11200,10700,10400,11300,11800,11100,10900,11800,12400,11700,11500,12300,12800,12100,12000,12900,13500,12900,12700,13800,14600,13900,14000,15600,16900,16200,16100,17800,18900,17700,17100,18600,19500,18200,17300,18300,19000,17500,15800,15400,15500,13900,13500,15100,16900,16300,15900,17700,18900,18100,17500,19200,20500,19300,18800,20400,21400,20000
52,Persons,Employees,O-Q. Public administration and defence; compulsory social security; education; human health and social work activities,33800,36300,38000,33900,35200,37800,39700,35500,35800,38400,40300,36100,36300,38900,40700,36600,37000,39600,41500,37300,37200,39700,41500,37300,36900,39400,41200,37100,37400,40300,42400,38000,37300,40600,42900,38400,37400,40800,42900,38600,39100,42600,45000,40600,40300,44000,46400,41700,42100,46400,48900,43400,41900,45300,47400,42500,42600,45900,47900,43300,43200,47100,49600,45200,45000,48400,50700,46200,45800,49800,53000,48400,47500,51300,53400,47200,46600,50300,52800,47200,46500,50300,51800,46700,46600,49800,51700,47700,47300,50900,52200,48300,48100,51500,53000,48900,48700,51100,53200,50700,49100,51500,52400,50000,49700,52300,53300,51200,51700,54200,55300,52800,53000,55800,58500,54900,55300,59900,63700,57200,56700,61000,64500,58500,58300,61800,64200,59900,59900,63400,65700,61500,61700,64900,67900,63900
53,Persons,Employees,"R-U. Arts, entertainment and recreation; other service activities; activities of household and extra-territorial organizations and bodies",4300,4500,4600,4400,4100,4300,4400,4200,4000,4200,4300,4100,4400,4700,4800,4700,4800,5000,5100,5000,5100,5300,5400,5200,5300,5500,5600,5400,5100,5300,5400,5300,5000,5300,5400,5200,5000,5300,5400,5100,4900,5100,5300,5100,5100,5400,5500,5300,5200,5600,5700,5500,5400,5900,6000,5800,5900,6300,6400,6300,6100,6400,6500,6400,6400,6700,6700,6700,6500,6800,6900,6700,6500,6800,6900,6700,6500,6900,7000,6700,6500,6900,6900,6700,6600,6900,6900,6700,6700,7000,7000,6800,6900,7100,7200,7000,7000,7400,7300,7200,7100,7300,7300,7200,7300,7600,7600,7500,7500,7800,7900,7900,7900,8200,8200,8100,8900,8300,8600,7800,7800,8600,9200,9100,9000,9500,9600,9400,9300,9800,9900,9800,9700,10100,10100,10000
54,Persons,Employees,Total - All activities,113900,120200,124300,117400,114500,120800,124800,118000,114200,120600,124900,118200,113600,120000,124600,118000,117400,123700,128400,121900,117600,123600,128000,121400,120700,126700,131300,125000,121200,129800,134700,127800,124100,132700,138200,132900,128500,137300,142300,136700,132200,139400,144600,136500,130699,138500,143300,135200,130400,140000,145200,137400,132000,141200,145800,139500,143300,152700,157400,151600,150300,161300,166900,161500,160200,169600,174800,167100,165600,173800,175800,162200,150100,156500,160400,150900,145600,154500,159700,150600,145900,156900,161400,152400,148600,158700,164400,155800,152700,163000,168100,160000,157000,167000,172200,163700,160700,171100,177500,171400,168300,179500,185800,180300,176400,188600,194500,188000,184900,194900,199400,191900,186400,194200,199100,189500,183500,184300,188600,175300,171500,184600,196400,190200,186900,200300,207700,201700,198200,210000,216200,208200,204100,214800,220600,212400
55,Persons,Self employed,"A. Agriculture, forestry and fishing",4900,4900,4900,4800,4900,4900,4800,4700,4300,4300,4300,4200,4300,4300,4300,4200,4300,4300,4400,4200,4200,4200,4200,4100,4000,4000,4100,3900,3900,3900,3900,3800,3800,3900,3900,3800,3800,3900,3900,3700,3600,3600,3600,3400,3200,3200,3200,3000,3000,2900,3000,2900,2700,2700,2800,2700,2700,2800,2900,2700,2800,2800,2800,2600,2500,2600,2600,2400,2200,2300,2300,2200,2300,2300,2300,2200,2200,2300,2300,2100,2200,2200,2300,2200,2200,2400,2400,2200,2200,2300,2300,2100,2200,2200,2300,2200,2100,2200,2100,2100,2000,2100,2100,2000,1900,1900,1900,1800,1800,1900,1900,1800,1800,1900,1900,1800,1800,1800,1800,1800,1700,1800,1700,1700,1700,1700,1700,1700,1700,1700,1700,1700,1600,1600,1700,1600
56,Persons,Self employed,"B-E. Mining and quarrying; manufacturing; electricity, gas, steam and air conditioning supply; water supply; sewerage, waste management and remediation activities",600,600,600,700,600,600,600,600,600,600,600,600,600,600,700,700,600,600,700,700,700,700,700,700,700,700,800,800,700,700,700,700,600,600,600,600,600,600,600,600,600,600,600,600,500,500,500,500,500,500,500,500,500,500,500,500,400,400,400,400,400,400,400,400,300,300,300,300,300,400,400,300,300,300,300,300,300,300,300,300,300,300,300,300,300,300,300,300,300,300,300,300,300,300,300,300,300,300,300,300,300,300,300,300,300,300,300,300,300,300,300,300,300,300,300,300,200,200,200,300,200,200,200,200,200,200,200,200,200,200,200,200,200,200,200,200
57,Persons,Self employed,C. Manufacturing,600,600,600,700,600,600,600,600,600,600,600,600,600,600,700,700,600,600,700,700,700,700,700,700,700,700,700,800,700,700,700,700,600,600,600,600,600,600,600,600,600,600,600,600,500,500,500,500,500,500,500,500,500,500,500,500,400,400,400,400,400,400,400,400,300,300,300,300,300,400,400,300,300,300,300,300,300,300,300,300,300,300,300,300,300,300,300,300,300,300,300,300,300,300,300,300,300,300,300,300,300,300,300,300,300,300,300,300,300,300,300,300,300,300,300,300,200,200,200,200,200,200,200,200,200,200,200,200,200,200,200,200,200,200,200,200
58,Persons,Self employed,F. Construction,900,900,1000,1000,1000,1000,1000,1100,1000,1100,1100,1100,1100,1100,1100,1200,1100,1100,1200,1200,1200,1200,1200,1200,1200,1200,1200,1200,1200,1200,1200,1300,1200,1200,1200,1200,1200,1200,1200,1200,1200,1200,1300,1300,1200,1200,1300,1300,1200,1200,1200,1200,1100,1100,1200,1200,1100,1100,1200,1200,1200,1200,1300,1300,1300,1300,1300,1300,1500,1500,1500,1500,1400,1400,1400,1400,1300,1300,1300,1300,1400,1400,1400,1400,1400,1400,1400,1400,1500,1400,1500,1400,1400,1400,1400,1400,1400,1400,1400,1400,1400,1400,1400,1400,1300,1300,1300,1300,1300,1300,1300,1300,1300,1300,1300,1300,1200,1200,1200,1200,1200,1200,1200,1200,1300,1200,1300,1200,1200,1200,1200,1200,1200,1200,1200,1200
59,Persons,Self employed,G-I. Wholesale and retail trade; repair of motor vehicles and motorcycles; transportation and storage; accommodation and food service activities,2300,2300,2300,2400,2300,2300,2400,2400,2400,2400,2400,2500,2400,2400,2400,2500,2300,2300,2400,2400,2300,2300,2300,2400,2300,2300,2300,2400,2300,2300,2300,2300,2300,2200,2300,2300,2200,2100,2100,2100,2000,1900,1900,1900,1800,1700,1800,1800,1700,1600,1700,1700,1600,1500,1600,1600,1500,1500,1600,1500,1500,1500,1500,1500,1400,1400,1500,1400,1400,1400,1500,1500,1400,1400,1400,1400,1300,1300,1300,1300,1400,1400,1400,1400,1400,1400,1400,1500,1400,1400,1400,1400,1400,1400,1400,1400,1400,1400,1400,1400,1400,1400,1500,1400,1400,1400,1400,1400,1300,1300,1400,1400,1300,1400,1400,1400,1200,1100,1200,1200,1100,1100,1100,1100,1200,1200,1200,1200,1300,1300,1300,1300,1300,1300,1300,1200
60,Persons,Self employed,J. Information and communication,200,200,200,200,200,200,200,200,200,200,200,200,200,200,200,200,200,200,200,300,300,300,300,300,300,300,300,300,300,300,300,300,300,300,300,300,400,400,400,400,400,400,400,400,400,400,400,400,400,400,400,400,300,300,300,300,300,300,300,300,300,300,300,300,300,300,300,300,300,300,300,400,300,400,400,400,400,400,400,400,400,400,400,400,400,500,400,400,400,400,400,400,500,500,500,500,500,500,500,500,500,400,400,400,400,400,400,400,400,400,400,400,400,400,400,400,500,500,500,500,500,500,500,500,500,500,500,600,600,500,500,500,500,500,500,500
61,Persons,Self employed,K. Financial and insurance activities,0,0,0,0,0,0,0,0,0,0,0,0,0,0,0,0,0,0,0,0,0,0,0,0,0,0,0,0,0,0,0,0,0,0,0,0,0,0,0,0,0,0,100,0,0,0,0,0,0,0,0,0,0,0,100,100,0,0,100,100,100,100,100,100,100,100,100,100,100,100,100,100,0,100,100,100,100,100,100,100,100,100,100,100,100,100,100,100,100,100,100,100,100,100,100,100,100,100,100,100,100,100,100,100,100,0,0,0,0,0,100,100,100,0,100,100,100,100,100,100,0,0,0,0,0,0,0,0,0,0,0,0,0,0,0,0
62,Persons,Self employed,"M-N. Professional, scientific and technical activities; administrative and support service activities",1000,900,900,1000,900,900,900,1000,1000,1000,1000,1000,1000,1000,1000,1100,1000,1000,1000,1000,1000,1000,1000,1000,1000,1000,1000,1000,1000,1000,1000,1000,1000,1000,1100,1100,1100,1100,1100,1100,1100,1100,1200,1100,1100,1100,1100,1100,1200,1100,1200,1200,1200,1100,1200,1200,1100,1100,1100,1100,1100,1100,1100,1100,1100,1100,1100,1100,1100,1100,1100,1100,1200,1200,1300,1200,1200,1200,1200,1100,1200,1100,1200,1200,1200,1300,1300,1300,1300,1300,1300,1300,1300,1300,1300,1300,1300,1300,1300,1300,1300,1300,1300,1300,1300,1300,1300,1200,1300,1300,1300,1300,1300,1300,1400,1400,1300,1300,1400,1400,1400,1400,1400,1400,1400,1400,1500,1500,1400,1400,1400,1400,1400,1500,1500,1500
63,Persons,Self employed,O-Q. Public administration and defence; compulsory social security; education; human health and social work activities,1300,1300,1300,1300,1400,1400,1400,1400,1500,1500,1500,1500,1600,1600,1600,1600,1600,1600,1600,1600,1600,1600,1600,1600,1600,1600,1600,1600,1500,1500,1500,1500,1500,1400,1400,1400,1400,1400,1500,1500,1500,1500,1500,1500,1500,1500,1500,1500,1500,1500,1500,1500,1500,1400,1500,1500,1400,1400,1500,1400,1500,1400,1500,1500,1500,1500,1500,1500,1500,1400,1500,1500,1500,1500,1500,1500,1500,1500,1500,1500,1600,1600,1600,1600,1600,1600,1600,1600,1600,1600,1600,1600,1700,1600,1600,1700,1700,1700,1700,1700,1800,1700,1700,1600,1600,1600,1600,1600,1600,1600,1700,1600,1700,1800,1800,1700,1700,1800,1800,1900,1900,1800,1900,1900,1800,1900,1800,1800,1800,1800,1800,1700,1800,1800,1800,1700
64,Persons,Self employed,"R-U. Arts, entertainment and recreation; other service activities; activities of household and extra-territorial organizations and bodies",1000,1000,1000,1000,1000,1000,1000,1100,1100,1100,1100,1200,1200,1200,1300,1400,1300,1300,1400,1400,1400,1400,1400,1500,1500,1400,1500,1500,1500,1400,1500,1500,1400,1400,1400,1500,1400,1400,1400,1400,1400,1300,1400,1400,1300,1300,1400,1400,1400,1300,1400,1400,1400,1400,1400,1500,1400,1400,1500,1500,1500,1400,1500,1500,1500,1400,1500,1500,1400,1400,1400,1500,1500,1500,1500,1500,1500,1500,1500,1500,1600,1500,1600,1600,1500,1500,1500,1600,1500,1500,1500,1500,1500,1500,1500,1600,1500,1500,1500,1500,1400,1400,1500,1500,1400,1400,1500,1500,1500,1500,1600,1600,1600,1600,1700,1700,1600,1600,1700,1700,1700,1600,1700,1700,1800,1800,1800,1900,1900,1800,1800,1700,1900,1800,1800,1900
65,Persons,Self employed,Total - All activities,12300,12200,12400,12500,12300,12300,12500,12500,12200,12200,12400,12500,12600,12600,12800,12800,12700,12700,12900,12900,12700,12700,12900,13000,12700,12700,12900,12800,12400,12300,12600,12500,12300,12200,12400,12400,12100,12100,12300,12100,11800,11700,11900,11700,11100,11000,11200,11100,10800,10600,11000,10900,10400,10200,10500,10700,10200,10300,10700,10400,10300,10200,10500,10300,10100,10200,10300,10100,9900,9900,10100,10000,10000,10000,10300,10200,9800,9900,10000,9800,10200,10000,10200,10200,10300,10600,10600,10400,10400,10300,10600,10200,10600,10300,10400,10600,10300,10200,10500,10300,10200,10200,10600,10100,9800,9700,9900,9800,9700,9700,9900,9700,9800,10100,10300,10100,9700,9700,10000,10300,9900,9700,9800,9800,10100,10200,10300,10300,10300,10100,10200,9900,10000,10100,10200,10100
66,Jobs,Total employment,"A. Agriculture, forestry and fishing",13200,14000,14000,13700,13500,14200,14200,13900,13000,13700,13600,13300,12900,13600,13600,13300,13100,13800,13700,13500,12900,13600,13500,13200,12400,13000,13000,12700,12000,12900,12800,12600,12100,12800,12600,12500,11600,12200,12000,11700,11000,11300,11500,11100,10400,10800,10700,10400,9900,10300,10300,10000,9300,9700,9700,9800,9800,10300,10100,10000,9600,10200,10000,9800,9200,9700,9500,9100,8500,9000,8600,8800,8400,9300,9100,9000,8400,9200,9300,9000,8500,9300,9400,9200,8700,9600,9500,9200,8700,9400,9500,9100,8500,9100,9200,8900,8300,8900,9100,8800,8200,8800,8800,8400,7200,8400,8400,8100,7700,8300,8500,8200,7700,8300,8400,8100,7300,7800,7900,7800,7500,8000,8100,7900,7500,8000,8100,8000,7600,7900,7800,7600,7600,8200,8100,8000
67,Jobs,Total employment,"B-E. Mining and quarrying; manufacturing; electricity, gas, steam and air conditioning supply; water supply; sewerage, waste management and remediation activities",25200,26300,26800,26000,24200,25300,25700,24900,24400,25500,26000,25400,25000,26200,26800,26200,24700,25800,26400,25900,24800,26000,26700,26100,25400,26600,27300,26700,24400,26100,26600,25500,23800,25200,25600,25100,23800,25000,25500,25500,23700,24300,25200,24400,22800,23900,24200,23300,22100,23500,24000,23500,22300,23900,24200,23700,23200,24500,24600,24000,23100,24500,24900,24600,23900,25300,25600,25200,24800,25900,25600,24400,22500,23700,24100,23300,22400,23800,24300,23400,22500,24400,25200,24200,23300,25100,25800,24600,23800,25400,26200,25100,24500,25800,26400,25300,24400,26200,26700,25800,25100,26600,27200,26200,24800,26500,27100,26100,25400,26800,27200,26300,25100,26400,26800,25700,24300,24800,25300,24200,23400,25100,25700,25200,24600,26100,26400,26300,25700,26900,27300,26900,25800,26900,27100,26500
68,Jobs,Total employment,C. Manufacturing,23500,24500,24800,24300,22500,23500,23800,23300,22700,23700,24100,23700,23400,24400,24800,24500,23000,24000,24500,24200,23200,24300,24800,24500,23800,24900,25300,25000,22600,24200,24500,23600,22100,23200,23400,23200,22000,23000,23300,23500,21700,22100,22800,22300,20800,21700,21800,21200,19900,21200,21400,21200,20000,21400,21500,21200,20900,21900,21900,21600,20800,22000,22200,22200,21400,22600,22700,22500,22300,23100,22500,21800,20000,21000,21100,20800,20000,21100,21300,20900,20100,21800,22400,21800,20900,22400,23000,22200,21400,22800,23300,22700,22000,23100,23600,22700,21900,23400,23800,23100,22600,23700,24300,23600,22200,23600,24000,23300,22700,23800,24100,23500,22300,23300,23600,22900,21400,21800,22000,21300,20500,22000,22500,22300,21700,22900,23100,23300,22600,23500,23800,23600,22500,23400,23400,23100
69,Jobs,Total employment,F. Construction,6800,7900,8600,8500,6600,7600,8300,8300,6700,7700,8400,8400,7100,8100,8900,8800,7300,8200,9000,9000,6000,6800,7400,7500,8600,9500,10200,10100,7100,8200,8700,8100,7300,8400,9300,8900,7800,9300,10300,9900,8900,9800,10600,9700,8700,9700,10200,9600,8300,9300,10300,9900,8900,10100,10800,10800,11900,13700,14800,14800,15300,17900,19000,18700,19000,20800,21700,20100,18200,19000,18400,15500,11300,11200,11600,10600,9100,9800,10100,9400,8500,9200,9600,9000,8200,9200,9700,9300,8900,9700,10100,9800,9400,10300,10700,10600,10100,11100,11600,11400,11200,12600,13400,13300,13100,14400,15200,15200,14800,15800,16000,16000,15400,16300,16400,15700,14500,14800,15100,14900,14200,15600,16100,16100,15800,17400,18000,18300,17900,19300,19800,19500,18800,20200,20600,20200
70,Jobs,Total employment,G-I. Wholesale and retail trade; repair of motor vehicles and motorcycles; transportation and storage; accommodation and food service activities,32000,34000,35300,33900,32400,34500,35700,34300,32200,34400,35800,34400,30400,32299,34000,32800,31600,33500,35100,33800,32100,34100,35600,34400,32700,34600,36300,35100,32200,34800,36600,36000,34800,37400,39000,38800,36800,39100,40300,39700,36900,39300,39900,38600,34700,36800,38000,36400,33700,36200,37800,36600,34200,36400,38200,37500,39300,42300,43700,43000,41900,44800,46300,45800,43600,46200,47700,46400,46900,49200,49000,44600,40100,41800,43700,41800,39500,42600,44200,42100,40000,44200,46200,43900,42000,46200,48500,45800,44100,48000,50400,47600,46100,50400,52700,49900,48300,53700,56400,54000,52900,58600,62000,59900,57800,63500,65800,63000,59700,64400,66100,62900,59000,61800,62900,59600,55200,51000,51200,46500,45000,49900,56300,56300,54000,60800,63600,61900,59800,64900,66600,63600,60100,64400,65800,63200
71,Jobs,Total employment,J. Information and communication,6300,6400,6500,6300,6000,6100,6100,5900,5300,5400,5400,5300,5100,5200,5300,5300,6000,6200,6400,6300,6500,6700,6900,6800,6200,6400,6500,6500,6400,6800,6900,6900,7000,7400,7700,7700,8000,8400,8700,8600,8600,8800,8700,8100,7900,8000,8400,8200,8000,8300,8300,8100,8000,8300,8200,8200,7700,8100,8300,8000,8200,8500,8500,8400,8500,8600,8800,8700,9000,9200,9000,8600,8200,8200,8200,8200,8100,8200,8200,8300,8300,8500,8500,8300,8300,8400,8500,8400,8500,8600,8700,8800,8700,8800,8800,8800,8700,8900,9100,9100,9000,9200,9200,9200,9000,9100,9100,9100,9300,9500,9400,9400,9000,9000,9000,9000,9000,8700,8700,8900,8900,9100,9300,9600,9700,9900,10000,10200,10200,10100,10000,10100,10000,10100,10000,10000
72,Jobs,Total employment,K. Financial and insurance activities,5400,5500,5600,5400,5500,5700,5700,5500,5500,5600,5700,5400,5100,5200,5200,5000,5200,5300,5300,5100,4700,4800,4900,4700,4500,4600,4700,4600,6200,6600,6700,6400,6400,6900,7200,6900,6900,7400,7700,7300,6700,7100,7300,6900,6600,7000,7200,6800,6000,6300,6400,6200,6100,6500,6700,6600,6600,7000,7200,7000,7100,7400,7600,7500,7700,8300,8500,8400,8700,9100,8900,8900,7900,7800,7700,8100,7600,7900,7900,7600,7100,7600,7500,7300,7100,7400,7400,7000,6900,7200,7200,6900,6800,7000,7000,6700,6500,6700,6700,6400,6400,6700,6700,6500,6300,6500,6600,6300,6200,6500,6500,6300,6100,6300,6300,6100,5900,6000,5900,5900,5700,5900,5900,5800,5700,5900,5900,5900,5900,6100,6100,6100,6000,6300,6300,6300
73,Jobs,Total employment,"M-N. Professional, scientific and technical activities; administrative and support service activities",7800,8200,8300,8100,7700,8000,8100,8000,7900,8300,8500,8400,8600,9000,9200,9000,8700,9100,9200,9000,8700,9100,9300,9100,9000,9400,9700,9500,9400,10100,10500,10200,9700,10400,10800,11200,11000,11800,12100,12000,11700,12500,12900,12500,11900,12600,13000,12600,12400,13200,13500,13200,12500,13400,13800,13500,13500,14300,14800,14400,14000,15000,15600,15200,14900,16000,16500,15900,15700,16900,17100,15400,14100,14600,14800,14300,13400,14300,14900,14300,14000,15000,15600,14900,14600,15900,16500,15600,15300,16400,16900,16000,16000,17100,17700,17000,16600,18100,19000,18300,17900,20000,21600,20900,20300,22500,23600,22300,21500,23300,24200,23000,21600,23000,23900,22300,20100,19300,19600,18300,17500,19500,21800,21400,20600,22900,24300,23600,22600,24700,25900,24600,23800,25900,26900,25500
74,Jobs,Total employment,O-Q. Public administration and defence; compulsory social security; education; human health and social work activities,41600,45400,46400,42900,43200,47200,48300,44700,44000,48000,49200,45600,44800,48800,49900,46300,45600,49600,50700,47100,45800,49700,50800,47100,45600,49400,50500,46900,46000,50100,51600,47600,45700,50400,52000,48100,45900,50600,52100,48300,47800,52700,54500,50600,49000,54100,55900,51700,51000,56700,58600,53600,50600,55500,56800,52500,51300,56100,57400,53300,52000,57400,59200,55300,54100,58900,60500,56500,55700,61700,63600,59700,57100,62300,63500,57800,56000,61300,62800,57900,55600,61400,61800,57000,55700,60400,61900,57900,56600,61700,62100,58400,57900,62800,63600,59800,58500,62100,64300,62800,59100,62700,63000,61100,59700,63500,63600,62500,62300,66100,65800,64000,63300,67500,69700,66500,66400,71200,75400,68900,67100,73000,76300,71200,69600,75600,76400,72900,72000,77300,78300,74600,73400,78600,80500,78600
75,Jobs,Total employment,"R-U. Arts, entertainment and recreation; other service activities; activities of household and extra-territorial organizations and bodies",7000,7500,7300,7500,6800,7300,7100,7400,6700,7300,7200,7600,7600,8300,8300,8700,8300,9000,8900,9300,8900,9500,9400,9700,9200,9800,9600,9900,9000,9500,9400,9600,8900,9500,9400,9600,8800,9400,9300,9400,8500,9200,9100,9300,8700,9400,9400,9600,9000,9800,9800,10100,9500,10400,10300,10600,10200,11000,10900,11200,10400,11100,11000,11300,10700,11400,11100,11400,10900,11500,11200,11300,10800,11300,11200,11400,10800,11400,11400,11500,10900,11500,11300,11500,11000,11700,11300,11500,11100,11700,11500,11600,11400,11900,11700,12100,11600,12600,12000,13500,11600,12300,12100,12100,11800,12500,12300,12700,12400,13100,12800,13300,12900,13600,13200,13400,13700,12900,13300,12900,12400,13700,14200,14700,14400,15700,15100,15500,15100,16000,15400,15700,15300,16300,15700,16500
76,Jobs,Total employment,Total - All activities,145800,155800,159300,153000,146300,156400,159800,153500,146200,156400,160300,154400,147100,157300,161700,156100,151100,161100,165600,159900,151300,161200,165200,159400,154500,164300,168700,162900,153500,165900,170500,163900,156500,169100,174400,169600,161400,174100,178800,173400,164600,175900,180600,172200,161800,173500,178100,170000,161200,174600,180000,172300,162500,175400,179900,174400,174900,188700,193300,187300,183100,198400,203700,198400,193300,206900,211600,203700,200100,213000,213100,198700,181600,191400,195100,185800,176400,189600,194200,184700,176600,192500,196400,186700,180100,195200,200500,190700,185200,199500,204000,194800,190900,204800,209300,200500,194400,209900,216500,211900,203000,219000,225800,219400,211700,228600,233400,227000,221100,235700,238400,231200,222000,234300,238600,228600,218300,218400,224600,210200,203500,221800,235800,230400,224000,244600,250200,245000,238900,255600,259600,251100,243200,259200,263600,257600
77,Jobs,Employees,"A. Agriculture, forestry and fishing",7000,7700,7800,7600,7300,8000,8000,7900,7400,8100,8100,7900,7400,8100,8100,7900,7500,8200,8200,8100,7600,8200,8100,8000,7300,7900,7800,7700,7100,7900,7800,7800,7100,7800,7600,7600,6700,7300,7100,6900,6400,6700,6900,6700,6300,6800,6600,6500,6100,6600,6500,6300,5700,6300,6200,6300,6300,6800,6500,6500,6100,6700,6400,6400,6000,6500,6200,6100,5600,6000,5700,6000,5500,6300,6200,6100,5600,6300,6500,6200,5700,6500,6500,6300,5800,6500,6500,6300,5800,6500,6600,6300,5600,6300,6300,6100,5600,6100,6400,6100,5500,6100,6000,5800,4700,6000,5900,5700,5300,5900,6100,5800,5300,5800,6000,5700,5100,5500,5600,5500,5400,5800,5900,5700,5300,5800,5800,5700,5300,5600,5400,5300,5400,6000,6000,5900
78,Jobs,Employees,"B-E. Mining and quarrying; manufacturing; electricity, gas, steam and air conditioning supply; water supply; sewerage, waste management and remediation activities",24100,25300,25700,24900,23200,24300,24700,23900,23400,24500,24900,24300,24000,25100,25700,25100,23600,24800,25400,24800,23700,24900,25500,25000,24200,25400,26000,25500,23300,25000,25400,24300,22800,24200,24500,24100,22800,24100,24500,24500,22800,23400,24200,23500,22000,23100,23400,22500,21300,22800,23200,22700,21600,23200,23500,22900,22600,23800,24000,23400,22500,23900,24300,24100,23300,24800,25000,24600,24200,25300,25100,23800,22000,23200,23600,22800,21900,23300,23800,22900,22000,23900,24700,23700,22800,24500,25300,24100,23300,24900,25700,24600,24000,25300,25900,24700,23900,25700,26200,25300,24600,26100,26700,25700,24300,26000,26600,25600,24900,26400,26800,25800,24600,25900,26400,25300,23900,24400,24900,23800,23000,24700,25400,24900,24300,25700,26100,25900,25300,26500,26900,26500,25400,26500,26700,26200
79,Jobs,Employees,C. Manufacturing,22400,23400,23700,23200,21500,22500,22800,22200,21700,22700,23000,22700,22300,23300,23700,23400,22000,23000,23400,23100,22100,23200,23700,23300,22600,23700,24100,23800,21500,23100,23400,22500,21100,22200,22400,22200,21000,22000,22400,22500,20800,21200,21900,21400,19900,20900,21000,20300,19100,20400,20600,20500,19300,20700,20800,20500,20200,21300,21200,20900,20200,21400,21600,21600,20900,22100,22200,22000,21700,22500,22000,21200,19500,20500,20600,20300,19500,20600,20800,20400,19600,21300,21900,21300,20400,21900,22500,21600,20900,22300,22900,22200,21500,22700,23100,22200,21400,23000,23300,22600,22100,23300,23700,23100,21700,23200,23500,22800,22200,23400,23600,23000,21900,22900,23200,22400,21100,21400,21700,20900,20200,21600,22200,22000,21400,22500,22700,22900,22200,23200,23400,23300,22200,23000,23000,22800
80,Jobs,Employees,F. Construction,5800,6700,7400,7300,5400,6400,7000,6900,5400,6400,7000,6900,5800,6700,7400,7300,5900,6800,7500,7400,4500,5200,5800,5800,7100,8000,8600,8500,5600,6500,7000,6400,5800,6800,7700,7200,6300,7700,8700,8300,7300,8200,8900,8000,7100,8100,8600,8000,6700,7800,8800,8300,7500,8600,9300,9200,10500,12200,13200,13300,13800,16300,17400,17000,17400,19100,19900,18400,16200,17100,16500,13600,9600,9500,9800,8800,7400,8000,8300,7700,6800,7500,7700,7200,6400,7300,7700,7400,7000,7800,8200,8000,7600,8400,8800,8600,8300,9300,9700,9500,9400,10700,11500,11500,11300,12600,13400,13400,13000,14000,14300,14300,13700,14500,14700,14000,12900,13200,13600,13200,12700,14100,14500,14500,14100,15700,16300,16600,16200,17600,18100,17800,17100,18400,18900,18500
81,Jobs,Employees,G-I. Wholesale and retail trade; repair of motor vehicles and motorcycles; transportation and storage; accommodation and food service activities,28500,30500,31800,30300,28900,31000,32200,30700,28600,30700,32200,30700,26800,28700,30400,29200,28100,30000,31600,30300,28700,30600,32200,30800,29300,31200,32900,31600,28900,31500,33300,32600,31500,34100,35700,35400,33600,36000,37100,36500,33900,36400,37000,35800,32200,34200,35500,33900,31300,33800,35400,34100,32000,34300,36000,35100,37200,40100,41500,40800,39800,42700,44200,43700,41600,44100,45600,44400,44900,47100,47000,42500,38100,39900,41700,39800,37700,40700,42300,40200,38100,42400,44300,42000,40000,44100,46500,43800,42000,46100,48300,45600,44000,48400,50700,47800,46300,51600,54300,51900,50800,56500,59700,57700,55700,61300,63700,60900,57600,62300,63900,60800,57000,59700,60800,57500,53500,49400,49600,44900,43400,48300,54600,54600,52200,58900,61600,60000,57500,62700,64400,61500,58100,62400,63800,61300
82,Jobs,Employees,J. Information and communication,5800,5900,6000,5800,5500,5600,5600,5400,4800,4900,4900,4800,4600,4700,4800,4800,5400,5600,5800,5700,5900,6100,6200,6100,5600,5800,5900,5800,5700,6100,6200,6200,6400,6700,6900,7000,7200,7600,7900,7800,7700,8000,7900,7300,7200,7300,7700,7500,7200,7600,7600,7400,7300,7600,7500,7500,7000,7400,7600,7400,7500,7800,7800,7700,7900,7900,8100,8000,8300,8500,8300,7900,7600,7500,7500,7500,7400,7400,7500,7600,7500,7800,7700,7600,7500,7600,7700,7600,7600,7800,7900,8000,7900,8000,8000,7900,7900,8100,8200,8200,8300,8400,8400,8400,8300,8400,8300,8400,8500,8700,8600,8600,8300,8300,8200,8200,8100,8000,7900,8000,8000,8300,8500,8700,8800,9000,9100,9200,9200,9200,9100,9200,9100,9200,9100,9200
83,Jobs,Employees,K. Financial and insurance activities,5300,5500,5500,5300,5500,5600,5700,5500,5400,5600,5600,5400,5000,5100,5200,5000,5100,5200,5300,5100,4600,4800,4800,4600,4500,4600,4600,4500,6100,6500,6700,6300,6300,6800,7100,6800,6800,7300,7600,7300,6700,7000,7200,6800,6500,6900,7100,6800,5900,6200,6300,6100,6000,6500,6600,6500,6600,6900,7100,6900,7000,7300,7500,7400,7600,8200,8400,8300,8600,9000,8800,8800,7800,7700,7600,8000,7500,7700,7700,7500,7000,7400,7400,7200,7000,7300,7300,6900,6800,7100,7100,6900,6700,6900,6900,6600,6400,6600,6600,6300,6300,6600,6600,6400,6200,6500,6500,6300,6200,6400,6400,6200,6000,6300,6200,6000,5800,5900,5900,5800,5700,5800,5800,5700,5600,5900,5900,5800,5800,6000,6000,6000,5900,6200,6200,6200
84,Jobs,Employees,"M-N. Professional, scientific and technical activities; administrative and support service activities",5700,6100,6200,6000,5500,5900,6000,5800,5700,6100,6300,6100,6300,6700,6900,6600,6400,6800,7000,6700,6500,6900,7000,6800,6800,7200,7400,7200,7200,7900,8200,7900,7400,8100,8500,8800,8600,9400,9700,9500,9200,10000,10400,10000,9500,10300,10600,10100,9900,10700,11000,10700,10100,11100,11300,11000,11200,12000,12400,12000,11600,12700,13300,12800,12600,13600,14100,13500,13300,14400,14700,13000,11800,12200,12400,11800,11200,12100,12600,12000,11600,12800,13300,12600,12200,13300,14000,13100,12700,13900,14400,13600,13300,14600,15200,14400,14100,15600,16400,15700,15500,17600,18900,18200,17900,19900,21000,19900,19000,20800,21700,20400,19200,20500,21200,19700,17600,17000,17200,15600,15000,17000,19100,18700,17900,20100,21400,20600,19700,21800,23200,21900,21000,23000,24000,22600
85,Jobs,Employees,O-Q. Public administration and defence; compulsory social security; education; human health and social work activities,39000,42800,43900,40300,40500,44500,45600,42000,41100,45100,46300,42600,41700,45700,46800,43200,42500,46400,47600,43900,42700,46600,47700,44000,42400,46200,47300,43700,42900,47100,48600,44600,42800,47400,49100,45100,42900,47600,49200,45300,44800,49600,51500,47500,45900,51000,52900,48700,47900,53600,55500,50500,47600,52500,53900,49500,48400,53100,54400,50300,49000,54400,56200,52400,51000,55800,57500,53500,52600,58600,60600,56700,54000,59200,60400,54600,52800,58100,59700,54800,52400,58200,58600,53800,52500,56900,58600,54800,53300,58400,58900,55300,54300,59400,60300,56200,54900,58700,60800,59300,55600,59200,59600,57800,56200,60000,60100,59100,58900,62600,62300,60500,59800,63800,66100,62800,62900,67600,71800,64900,63200,69200,72400,67100,65800,71500,72400,68800,67900,73300,74300,70700,69400,74600,76500,74600
86,Jobs,Employees,"R-U. Arts, entertainment and recreation; other service activities; activities of household and extra-territorial organizations and bodies",5100,5700,5500,5700,5000,5500,5300,5500,4900,5400,5300,5500,5500,6100,6000,6200,5900,6500,6400,6600,6300,6900,6700,7000,6500,7100,6900,7100,6400,6900,6800,7000,6300,6900,6800,7000,6300,6900,6800,6900,6100,6800,6600,6900,6300,7100,7000,7200,6600,7400,7200,7500,7000,7900,7700,7900,7600,8300,8200,8500,7800,8500,8300,8600,8100,8700,8400,8800,8200,8800,8600,8700,8100,8600,8500,8700,8100,8700,8600,8700,8100,8900,8600,8700,8300,8800,8500,8700,8300,9000,8700,8900,8500,9300,9000,9200,8800,9800,9300,10900,9000,9600,9200,9500,9200,9900,9500,9800,9500,10200,9900,10300,9900,10600,10200,10500,10800,10300,10500,9900,9600,10900,11200,11500,11000,12300,11800,12000,11500,12600,12200,12400,11900,12900,12400,13100
87,Jobs,Employees,Total - All activities,126800,136800,140300,133700,127100,137200,140700,134000,127200,137300,141100,134800,127400,137400,141700,135800,131000,141000,145300,139400,131200,140900,144800,138800,134400,144100,148300,142500,133700,146300,150700,144000,137000,149500,154700,149800,142000,154700,159200,153900,145700,157000,161600,153400,144000,155800,160300,152100,143700,157500,162400,154700,145700,158900,163000,157100,158500,172100,176300,170400,166400,181800,186900,181600,176800,190200,194900,187200,183500,196200,196700,182200,165600,175200,178700,169100,160500,173400,178100,168800,160200,176400,180100,170200,163600,177600,183500,174000,168000,182600,187100,178300,173100,187800,192500,182900,177300,192900,199200,194800,186400,202000,207900,202400,195200,212000,216500,210600,204600,219000,221700,214500,205600,217200,221500,211600,202600,203200,208700,193500,187500,205800,219200,213200,206800,226700,232300,226700,220300,237400,241600,233600,225600,241500,245900,240000
88,Jobs,Self employed,"A. Agriculture, forestry and fishing",6200,6200,6200,6100,6200,6200,6100,6000,5500,5500,5500,5400,5500,5500,5500,5400,5500,5500,5500,5400,5400,5400,5400,5300,5100,5100,5200,5000,4900,4900,5000,4900,4900,4900,5000,4900,4900,4900,4900,4700,4600,4600,4600,4400,4100,4000,4000,3900,3800,3700,3800,3700,3500,3400,3500,3500,3500,3500,3600,3500,3500,3500,3500,3400,3200,3200,3200,3100,2900,2900,2900,2800,2900,2900,3000,2900,2800,2900,2900,2800,2800,2800,2900,2800,2900,3100,3000,2900,2900,2900,2900,2800,2900,2800,2800,2800,2700,2700,2700,2700,2600,2700,2800,2700,2500,2500,2500,2400,2400,2400,2400,2400,2400,2400,2400,2400,2200,2200,2300,2300,2100,2200,2200,2200,2200,2300,2300,2300,2300,2300,2300,2300,2200,2200,2200,2200
89,Jobs,Self employed,"B-E. Mining and quarrying; manufacturing; electricity, gas, steam and air conditioning supply; water supply; sewerage, waste management and remediation activities",1100,1100,1100,1100,1000,1000,1000,1100,1000,1000,1000,1100,1100,1100,1100,1100,1100,1100,1100,1100,1100,1100,1100,1200,1200,1200,1200,1200,1100,1100,1100,1100,1000,1000,1000,1000,1000,1000,1000,1000,900,900,900,900,800,800,800,800,800,800,800,800,700,700,700,700,600,600,700,600,600,600,600,600,500,600,600,500,600,600,600,600,500,500,500,600,500,500,500,500,500,500,500,500,500,500,500,500,500,500,500,500,500,500,500,500,500,500,500,500,500,500,500,500,500,500,500,500,500,500,500,500,400,500,500,500,400,300,400,400,300,300,300,400,300,400,400,400,400,400,400,400,300,300,300,300
90,Jobs,Self employed,C. Manufacturing,1100,1100,1100,1100,1000,1000,1000,1100,1000,1000,1000,1100,1100,1100,1100,1100,1100,1100,1100,1100,1100,1100,1100,1100,1200,1200,1200,1200,1100,1100,1100,1100,1000,1000,1000,1000,1000,1000,1000,1000,900,900,900,900,800,800,800,800,800,800,800,800,700,700,700,700,600,600,700,600,600,600,600,600,500,600,600,500,600,600,600,500,500,500,500,500,500,500,500,500,500,500,500,500,500,500,500,500,500,500,500,500,500,500,500,500,500,500,500,500,500,500,500,500,500,500,500,500,400,400,500,500,400,400,500,400,300,300,400,400,300,300,300,400,300,400,400,400,400,400,400,300,300,300,300,300
91,Jobs,Self employed,F. Construction,1100,1100,1200,1200,1200,1200,1300,1300,1300,1300,1400,1400,1400,1400,1500,1500,1400,1500,1500,1600,1500,1500,1600,1600,1500,1500,1600,1600,1600,1600,1700,1700,1600,1600,1600,1700,1500,1500,1600,1600,1600,1600,1700,1700,1600,1600,1700,1700,1500,1500,1600,1600,1400,1500,1500,1600,1400,1500,1600,1500,1500,1600,1600,1600,1600,1700,1700,1700,1900,1900,1900,1900,1700,1700,1800,1800,1600,1700,1700,1700,1700,1800,1800,1800,1800,1900,1900,1900,1900,1900,2000,1800,1900,1900,1900,1900,1800,1800,1900,1900,1800,1900,2000,1900,1800,1800,1900,1800,1700,1700,1700,1700,1700,1700,1700,1700,1600,1600,1600,1700,1500,1600,1600,1600,1700,1700,1700,1700,1700,1700,1800,1700,1700,1700,1700,1700
92,Jobs,Self employed,G-I. Wholesale and retail trade; repair of motor vehicles and motorcycles; transportation and storage; accommodation and food service activities,3500,3500,3500,3600,3500,3500,3500,3600,3600,3600,3600,3700,3600,3600,3600,3700,3500,3500,3500,3600,3400,3400,3400,3500,3400,3400,3500,3500,3300,3300,3300,3400,3300,3300,3300,3300,3200,3200,3100,3100,2900,2900,2900,2900,2600,2500,2500,2500,2400,2400,2400,2400,2200,2200,2200,2300,2100,2100,2200,2200,2100,2100,2100,2100,2000,2100,2000,2000,2100,2100,2100,2100,1900,1900,2000,2000,1800,1800,1800,1800,1900,1900,1900,1900,2000,2100,2000,2000,2000,2000,2000,2000,2100,2000,2000,2100,2000,2000,2100,2100,2100,2200,2300,2200,2100,2200,2200,2100,2100,2100,2100,2100,2000,2100,2100,2100,1700,1500,1600,1600,1600,1600,1700,1700,1800,1900,1900,2000,2200,2200,2200,2100,2000,2000,2000,1900
93,Jobs,Self employed,J. Information and communication,500,500,500,500,500,500,500,500,500,500,500,500,500,500,500,500,600,600,600,600,600,600,600,600,600,600,700,700,700,700,700,700,700,700,700,700,800,800,800,800,800,800,800,800,800,700,800,700,700,700,700,700,700,700,700,700,700,700,700,700,700,700,700,700,700,700,700,700,700,700,700,700,700,700,700,700,700,700,700,700,700,700,700,700,800,900,800,800,800,800,800,800,900,800,800,900,900,800,900,900,800,800,900,800,800,800,800,700,800,800,800,800,700,800,800,800,800,800,800,800,800,800,800,900,900,900,900,1000,1000,900,900,900,900,900,900,900
94,Jobs,Self employed,K. Financial and insurance activities,100,100,100,100,100,100,100,100,100,100,100,100,100,100,100,100,100,100,100,100,100,100,100,100,100,100,100,100,100,100,100,100,100,100,100,100,100,100,100,100,100,100,100,100,100,100,100,100,100,100,100,100,100,100,100,100,100,100,100,100,100,100,100,100,100,100,100,100,100,100,100,100,100,100,100,100,100,100,100,100,100,100,100,100,100,100,100,100,100,100,100,100,100,100,100,100,100,100,100,100,100,100,100,100,100,100,100,100,100,100,100,100,100,100,100,100,100,100,100,100,100,100,100,100,100,100,100,100,100,100,100,100,100,100,100,100
95,Jobs,Self employed,"M-N. Professional, scientific and technical activities; administrative and support service activities",2100,2100,2100,2200,2100,2100,2100,2200,2200,2200,2200,2300,2300,2300,2300,2400,2300,2200,2300,2300,2200,2200,2200,2300,2200,2200,2300,2300,2200,2200,2300,2300,2300,2300,2400,2400,2400,2400,2500,2500,2500,2500,2500,2500,2400,2400,2400,2400,2500,2400,2500,2500,2400,2400,2400,2500,2300,2300,2400,2400,2300,2300,2400,2400,2300,2400,2400,2400,2400,2500,2400,2400,2300,2300,2400,2500,2300,2300,2300,2200,2400,2200,2300,2300,2400,2600,2500,2500,2500,2500,2500,2500,2700,2500,2500,2600,2500,2500,2600,2600,2400,2400,2700,2700,2400,2500,2600,2400,2500,2600,2500,2600,2400,2500,2700,2600,2400,2300,2500,2600,2500,2500,2700,2700,2600,2800,2900,3000,2900,2900,2800,2700,2800,2900,2900,2900
96,Jobs,Self employed,O-Q. Public administration and defence; compulsory social security; education; human health and social work activities,2500,2600,2500,2600,2700,2700,2700,2800,2900,2900,2900,3000,3100,3100,3100,3100,3100,3100,3100,3200,3200,3200,3100,3200,3200,3200,3100,3100,3100,3000,3000,3000,3000,3000,2900,3000,3000,3000,3000,3000,3000,3100,3000,3100,3000,3000,3000,3000,3100,3100,3000,3100,3000,3000,2900,3000,3000,3000,3000,3000,3000,3000,2900,3000,3000,3100,3000,3000,3100,3100,3000,3100,3100,3100,3100,3200,3200,3200,3100,3100,3300,3200,3200,3300,3300,3400,3300,3100,3300,3300,3300,3200,3600,3400,3300,3500,3500,3500,3400,3500,3500,3500,3400,3400,3400,3400,3500,3400,3400,3500,3500,3500,3500,3700,3600,3700,3500,3600,3600,4000,3800,3800,3900,4100,3900,4200,4000,4100,4100,4000,4000,3900,4000,4000,4000,4000
97,Jobs,Self employed,"R-U. Arts, entertainment and recreation; other service activities; activities of household and extra-territorial organizations and bodies",1900,1800,1800,1900,1800,1800,1800,1800,1800,1900,1900,2100,2100,2200,2300,2500,2400,2500,2600,2700,2600,2600,2700,2800,2700,2700,2800,2800,2700,2600,2600,2700,2600,2500,2600,2600,2500,2500,2500,2500,2400,2400,2400,2400,2300,2300,2400,2500,2400,2400,2600,2600,2500,2500,2600,2700,2600,2600,2700,2700,2700,2600,2700,2700,2700,2700,2700,2700,2700,2700,2600,2600,2700,2700,2700,2700,2700,2600,2700,2700,2700,2700,2700,2800,2700,2900,2800,2800,2800,2700,2800,2700,2900,2700,2700,3000,2800,2800,2700,2600,2600,2700,2900,2700,2600,2700,2800,2800,2900,2900,2900,3000,3000,3000,3000,2900,2800,2600,2800,3000,2800,2800,3000,3200,3300,3400,3300,3500,3600,3400,3200,3200,3400,3300,3300,3400
98,Jobs,Self employed,Total - All activities,19000,19000,19000,19300,19100,19200,19200,19500,19000,19100,19200,19600,19700,19900,20000,20300,20100,20100,20200,20500,20200,20300,20400,20600,20200,20200,20400,20400,19700,19600,19800,19900,19500,19500,19700,19800,19400,19400,19600,19500,18900,18900,19000,18800,17800,17700,17900,17800,17500,17200,17600,17600,16800,16600,16900,17300,16400,16600,17100,16900,16700,16600,16800,16700,16400,16600,16600,16400,16600,16800,16400,16500,15900,16200,16400,16700,15900,16100,16100,15900,16300,16000,16300,16500,16600,17600,17100,16800,17200,16900,17000,16500,17800,17000,16800,17600,17100,17000,17300,17100,16600,17000,17900,17000,16500,16600,16900,16400,16500,16700,16800,16700,16400,17100,17100,17000,15800,15300,15800,16700,16000,15900,16600,17200,17200,17900,17800,18300,18600,18200,18000,17500,17600,17700,17700,17600
