,Value unit,Category,1995Q1,1995Q2,1995Q3,1995Q4,1996Q1,1996Q2,1996Q3,1996Q4,1997Q1,1997Q2,1997Q3,1997Q4,1998Q1,1998Q2,1998Q3,1998Q4,1999Q1,1999Q2,1999Q3,1999Q4,2000Q1,2000Q2,2000Q3,2000Q4,2001Q1,2001Q2,2001Q3,2001Q4,2002Q1,2002Q2,2002Q3,2002Q4,2003Q1,2003Q2,2003Q3,2003Q4,2004Q1,2004Q2,2004Q3,2004Q4,2005Q1,2005Q2,2005Q3,2005Q4,2006Q1,2006Q2,2006Q3,2006Q4,2007Q1,2007Q2,2007Q3,2007Q4,2008Q1,2008Q2,2008Q3,2008Q4,2009Q1,2009Q2,2009Q3,2009Q4,2010Q1,2010Q2,2010Q3,2010Q4,2011Q1,2011Q2,2011Q3,2011Q4,2012Q1,2012Q2,2012Q3,2012Q4,2013Q1,2013Q2,2013Q3,2013Q4,2014Q1,2014Q2,2014Q3,2014Q4,2015Q1,2015Q2,2015Q3,2015Q4,2016Q1,2016Q2,2016Q3,2016Q4,2017Q1,2017Q2,2017Q3,2017Q4,2018Q1,2018Q2,2018Q3,2018Q4,2019Q1,2019Q2,2019Q3,2019Q4,2020Q1,2020Q2,2020Q3,2020Q4,2021Q1,2021Q2,2021Q3,2021Q4,2022Q1,2022Q2,2022Q3,2022Q4,2023Q1,2023Q2,2023Q3,2023Q4,2024Q1,2024Q2,2024Q3,2024Q4
0,Current prices,1. Private final consumption,59393,66165,66669,70976,64243,71740,71942,76479,68814,76883,78105,81982,77899,86036,89006,92346,87832,94777,98154,101631,95422,105898,107771,111184,103049,110995,112332,114879,107802,116635,117158,120263,115976,123519,124572,130482,127096,136655,137318,146934,141941,157973,155340,164696,162286,177280,170643,180437,174191,195497,194534,207078,202838,213225,206923,200507,194060,208326,211659,220752,208958,214615,213249,227594,211047,229585,228323,246359,229847,250752,241301,264547,245434,259586,252047,276752,254617,273908,268030,294191,268301,290269,278625,310921,292282,319315,295713,330412,309876,337684,319581,356369,331848,365424,347099,385812,355771,390743,374007,397832,371762,364521,382155,403521,388003,410919,417680,470462,443099,495744,476605,536509,514846,551475,510033,564106,547750,578964,546104,593704
1,Current prices,2. Government final consumption,23360,23998,24953,25594,24952,25635,26613,27285,26628,27538,28015,29405,31146,31496,32696,32951,34515,35251,35977,37784,38008,39368,41894,41922,43565,45426,46860,48288,50975,51545,52692,54208,54281,55055,55895,56186,57650,58974,59874,59281,62229,64705,66298,66348,71721,74398,75395,76416,81330,86305,77587,84937,89861,95453,92355,108000,100059,104793,100278,106408,100910,104838,104174,107312,104160,110318,110649,113929,108725,115525,114015,118526,115997,121958,119165,122613,120647,126564,125476,130625,127797,132601,134280,146692,136944,143713,144326,153034,149338,156309,154426,165470,163093,170554,169534,183579,177760,185889,183389,197001,195598,205372,203015,218249,213871,223537,223261,235906,236333,247594,249089,263012,258455,270577,269739,286079,284548,291954,291700,308106
2,Current prices,3. Gross fixed capital formation,18698,19712,20945,21427,23915,25090,26316,27166,27167,28650,30037,30913,37140,38277,39052,40688,36287,37705,39696,39331,41242,43680,44947,44366,45139,45279,48537,46940,39989,41752,44233,43216,43196,45895,50062,48752,52411,60036,63896,65137,65179,73100,88666,87324,94927,103513,110158,125421,90204,105366,115301,97226,95726,98009,109653,99856,46311,60698,67655,74696,53011,59417,60594,63701,55484,64111,67256,84387,74275,79409,68538,72689,69009,86961,70710,80702,83044,80898,101851,92190,102893,107826,110839,125199,120001,137122,128960,139832,123434,147020,154088,150679,142441,166595,153485,158544,126180,168745,172038,163996,139887,154861,159183,167587,152315,187821,207677,200130,198934,227553,254560,261289,241877,278376,278534,278241,267792,311703,303540,336285
3,Current prices,3.1 Business sector investment,9616,10051,9908,10984,14242,14838,14654,16022,17400,18231,18087,19675,25612,25964,24938,27538,24254,24775,24743,25552,27330,28738,27672,28432,28951,27757,28021,28215,23093,23774,23645,23651,26077,27465,28540,28632,31221,37092,38389,39282,43098,49554,61516,61397,66727,73334,75169,92221,55841,68058,72081,55727,60858,60002,66181,62541,23126,36538,34948,51492,33834,37006,34529,40748,37906,17778,43571,58378,54588,57045,43463,48363,47215,56645,40704,51572,56290,51835,68199,61528,75584,79835,78174,90766,92266,102351,92478,94106,87331,104581,104397,101045,92819,112040,93402,85052,68308,94716,97929,93923,81034,88596,81794,89408,88584,110942,122569,107712,131016,142241,152981,168120,168698,186898,181857,170956,181494,210118,191760,214496
4,Current prices,3.2 Residential construction,4552,4609,4980,5478,5118,5183,5600,6159,4803,4864,5255,5780,5011,5074,5483,6030,5163,5228,5649,6213,6015,6091,6581,7238,7371,7464,8065,8870,9146,9262,10007,11006,9874,9998,10803,11882,11769,11918,12877,14163,13592,13763,14871,16356,17344,17563,18976,20871,20497,21278,23016,25823,20052,20359,20362,20129,10860,10007,9869,9374,7896,8382,9197,10067,9024,10041,10751,10151,10323,11474,11825,11365,10763,11661,14284,14096,14359,14453,15147,14987,13787,12753,15256,17284,14395,18146,17714,29315,20405,21411,26455,30272,30854,30269,27341,33056,39579,44415,43912,38952,40147,40857,45648,45206,40994,45007,46372,47106,41626,47404,50018,47782,40870,48697,51904,54256,52678,58150,63711,67907
5,Current prices,3.3 Government services,4530,5051,6057,4966,4555,5069,6062,4985,4964,5555,6695,5458,6516,7238,8631,7120,6871,7702,9304,7566,7896,8851,10694,8695,8817,10058,12451,9855,7749,8716,10581,8558,7246,8432,10719,8238,9421,11026,12630,11693,8489,9783,12278,9572,10856,12616,16012,12329,13867,16030,20204,15677,14816,17647,23111,17185,12325,14153,22837,13830,11281,14030,16869,12886,8555,36292,12934,15858,9365,10889,13249,12961,11031,18655,15723,15034,12395,14611,18505,15675,13521,15237,17409,17149,13341,16625,18768,16410,15698,21029,23236,19362,18768,24286,32742,40437,18293,29615,30197,31121,18706,25407,31741,32973,22737,31872,38736,45313,26292,37908,51561,45388,32309,42780,44773,53029,33620,43435,48069,53881
6,Current prices,4. Changes in inventories,-617,515,1159,1995,-5,4,10,17,-319,-339,533,227,355,601,-18,-32,66,405,-343,-8,-280,364,-452,3040,-2777,16,607,-14,-301,-858,890,288,2323,-130,-80,-3344,3533,-988,-3463,538,2160,-7198,1058,-3846,1207,-2239,7386,1770,-319,-2232,4684,-42,5272,-7292,15753,-3334,12020,391,-3945,-8612,10074,-8192,-278,-4519,19291,-4779,-4565,-6142,19734,-11313,-1794,-6018,15511,-3852,-5425,-8841,-949,2779,-4226,3761,15233,-1422,-3777,-8402,15241,-8623,2338,-5232,5256,-9542,12615,-9150,7370,-316,141,544,-11210,2956,8612,-5712,-2981,-556,16712,-10009,5544,-7451,9982,-3420,18999,-18890,17466,-7920,38511,-17790,13534,-4652,3313,-11693,5226,10296
7,Current prices,5. Gross domestic final expenditure,100835,110390,113725,119992,113105,122469,124881,130947,122290,132732,136690,142527,146540,156410,160736,165954,158701,168138,173485,178738,174391,189310,194160,200512,188976,201715,208336,210093,198465,209074,214973,217976,215776,224339,230450,232075,240690,254677,257625,271890,271510,288581,311361,314523,330141,352952,363581,384044,345406,384936,392106,389199,393697,399394,424684,405029,352451,374208,375647,393243,372953,370678,377740,394087,389983,399235,401663,438533,432580,434372,422060,449744,445951,464652,436498,471225,457359,484149,491130,520767,514224,529274,519967,574410,564468,591528,571337,618046,587904,631471,640709,663369,644752,702256,670259,728479,648500,748334,738045,753117,704267,724198,761065,779349,759733,814826,858600,903078,897364,952001,997720,1052890,1053690,1082638,1071840,1123774,1103402,1170929,1146570,1248391
8,Current prices,6. Exports of goods and services,38306,40387,41719,40878,41160,42678,46854,46096,43581,47235,50791,49114,41436,53700,58285,50338,48576,53824,56241,52239,49077,55170,65642,58093,63097,70605,82070,80596,75221,77974,79214,70940,70364,67121,79368,69156,72407,74540,89365,78201,71859,87838,87481,75055,77172,101716,102455,91343,108952,110359,108887,127278,111496,171200,167411,190518,166102,185399,233822,207051,196020,225403,232055,216359,204454,238886,282257,237136,226424,258807,284844,243398,238089,248809,303677,258484,223084,256539,327215,268036,264476,320835,339677,268605,245382,304163,367669,275611,239295,302623,356527,309782,275542,321573,388924,323556,310270,328742,374350,309445,263632,210832,253646,247583,227525,274602,363832,356444,352691,440204,536596,448792,417361,482855,542958,441597,403053,481230,562684,472962
9,Current prices,"6.1 Goods, fob",29035,29782,26764,31066,32427,30479,28693,34043,33104,32239,31099,34838,28851,35828,36729,34517,34994,36071,32958,36964,34247,34250,36657,38436,41797,43054,45007,54413,50312,50927,46239,45499,46557,40658,42152,42952,48659,44545,48019,50687,43276,53085,42472,43253,48537,60808,55394,53114,67209,59329,52882,83500,65838,115923,97389,123527,107828,102677,124657,124554,119374,129722,121043,132131,129333,131809,154059,147625,141371,143313,142399,149394,144253,126952,145520,144653,128881,132706,154039,156770,160152,164986,146854,145907,131384,140657,136777,135434,113654,138454,132409,148256,143829,150898,152023,172707,177233,163340,151498,163488,151385,149968,161357,176447,168384,184917,197377,226518,232651,255125,267782,263193,247205,231662,226692,240499,224150,241478,242480,260067
10,Current prices,6.2 Services,9271,10605,14955,9812,8733,12199,18161,12053,10477,14995,19692,14276,12585,17872,21556,15821,13582,17753,23283,15275,14830,20919,28985,19657,21299,27551,37063,26183,24909,27047,32975,25441,23807,26463,37216,26204,23748,29995,41347,27514,28583,34753,45009,31802,28635,40907,47061,38229,41742,51030,56005,43779,45657,55277,70022,66991,58274,82723,109165,82497,76646,95680,111013,84228,75121,107077,128197,89511,85053,115494,142446,94004,93836,121857,158157,113830,94203,123834,173176,111266,104324,155850,192823,122697,113998,163506,230892,140176,125641,164169,224118,161525,131714,170675,236902,150848,133037,165402,222852,145957,112247,60865,92290,71136,59141,89685,166455,129926,120040,185079,268814,185599,170156,251193,316267,201099,178903,239752,320204,212896
11,Current prices,7. Imports of goods and services,-32688,-36609,-35819,-40275,-36511,-43934,-45354,-48556,-39355,-48130,-49345,-51406,-53977,-58000,-60886,-57126,-51004,-65259,-63677,-60281,-56957,-71673,-73308,-74856,-73681,-74570,-82673,-72287,-70174,-74718,-74308,-70497,-67101,-77930,-86679,-80206,-78696,-96812,-96109,-97355,-94384,-115011,-121014,-116369,-121187,-153538,-147686,-155276,-128564,-149268,-145244,-157098,-147261,-181466,-186772,-158305,-138804,-163897,-181916,-176917,-166112,-176969,-178612,-182634,-177712,-204799,-219291,-225338,-212387,-244390,-225925,-224368,-208037,-227279,-231513,-230410,-209499,-235979,-257068,-239372,-237620,-270051,-255227,-257722,-243286,-276967,-262849,-243047,-229938,-284415,-284228,-291141,-260733,-311801,-315168,-323584,-272096,-314261,-312213,-286133,-263285,-233050,-257369,-261703,-255382,-303539,-340628,-386545,-364849,-439617,-486103,-505634,-436675,-480124,-476084,-485218,-436569,-500553,-493084,-542552
12,Current prices,"7.1 Goods, fob",-23349,-27201,-24789,-29736,-27593,-31587,-32053,-35560,-28597,-34465,-33990,-36466,-40190,-41471,-41466,-40689,-36955,-47071,-43633,-40932,-41081,-49301,-48558,-50867,-52740,-48882,-52938,-48256,-47400,-49418,-47813,-46851,-43008,-50917,-55168,-51341,-51756,-65341,-63721,-64483,-63141,-76940,-80407,-74089,-83563,-109284,-101950,-112186,-88630,-101572,-97316,-108952,-104105,-130252,-130454,-103649,-88619,-106386,-113258,-108968,-103195,-109235,-111968,-113827,-114200,-129828,-136450,-145781,-137480,-152657,-137598,-136583,-132007,-143645,-142281,-135303,-130733,-146169,-161923,-139835,-155456,-177259,-157403,-159800,-157655,-180123,-156526,-147684,-146840,-185019,-177504,-185814,-168605,-202317,-197203,-208910,-174544,-206395,-198626,-179766,-174390,-169376,-186282,-189030,-187051,-222981,-239370,-260451,-250246,-293837,-331793,-344761,-290780,-314238,-311069,-318253,-275774,-328657,-314070,-364157
13,Current prices,7.2 Services,-9339,-9408,-11030,-10540,-8919,-12347,-13301,-12995,-10758,-13665,-15355,-14940,-13787,-16529,-19420,-16436,-14049,-18189,-20044,-19349,-15876,-22373,-24750,-23989,-20941,-25688,-29735,-24031,-22773,-25300,-26495,-23646,-24093,-27013,-31510,-28865,-26940,-31472,-32389,-32872,-31244,-38071,-40607,-42281,-37624,-44253,-45737,-43090,-39933,-47695,-47928,-48146,-43157,-51214,-56318,-54656,-50185,-57510,-68657,-67949,-62917,-67734,-66645,-68808,-63511,-74971,-82841,-79557,-74907,-91732,-88328,-87784,-76031,-83634,-89232,-95107,-78766,-89810,-95145,-99537,-82164,-92792,-97825,-97922,-85632,-96844,-106322,-95363,-83098,-99396,-106724,-105327,-92128,-109484,-117964,-114674,-97553,-107866,-113587,-106367,-88896,-63674,-71087,-72673,-68332,-80558,-101258,-126094,-114604,-145779,-154310,-160873,-145895,-165886,-165015,-166965,-160796,-171896,-179014,-178395
14,Current prices,8. Gross Domestic Product,106452,114168,119625,120595,117753,121213,126381,128488,126515,131836,138136,140235,134000,152111,158135,159165,156273,156702,166048,170696,166511,172806,186494,183750,178392,197750,207733,218402,203512,212330,219879,218419,219039,213530,223139,221025,234401,232404,250880,252736,248984,261407,277828,273208,286126,301129,318349,320112,325794,346028,355750,359380,357931,389128,405323,437243,379749,395711,427554,423377,402861,419111,431183,427812,416725,433323,464629,450332,446617,448790,480979,468775,476003,486182,508662,499299,470943,504709,561277,549431,541081,580059,604416,585292,566564,618724,676158,650610,597261,649680,713009,682009,659561,712028,744016,728451,686673,762816,800183,776428,704614,701980,757343,765229,731876,785889,881804,872978,885205,952588,1048212,996047,1034376,1085369,1138714,1080153,1069886,1151606,1216170,1178802
15,Chain-volume measures,1. Private final consumption,149454,166600,168201,177657,157391,175711,175981,186130,166343,186407,189466,196714,186287,204533,213659,221510,208101,221177,225917,230922,214394,232326,234461,239929,218422,226425,224607,225963,208989,223079,225466,231393,221913,234883,237192,247729,237115,251044,251781,269097,257961,286930,283184,298658,287081,300132,283992,298904,285690,317553,313996,330302,310498,305397,285824,262288,246567,256127,253336,262489,244544,248974,251119,271215,245246,260318,255976,276091,250390,266877,258459,280786,254778,267752,261021,284249,259644,276695,267999,294485,271087,290044,276881,310104,290546,313592,291301,329988,309884,340793,319219,353139,327776,358106,335690,365365,336243,361938,344246,368716,341233,330193,339261,356621,343094,360133,358645,400439,374077,407474,378420,423675,393669,411878,374294,411678,395966,410833,379746,414790
16,Chain-volume measures,2. Government final consumption,82936,85219,88661,90961,83784,86107,89467,91767,85847,88830,90369,94926,92319,93298,94865,97279,95597,97637,99609,104024,99167,101997,108834,108590,108204,109404,110506,112887,112158,114182,117243,120371,116120,117469,119218,120163,118879,121103,122826,121354,123263,127082,129270,128370,130920,132333,135671,135141,138304,145830,129981,141060,144884,147661,137423,155125,140266,146583,137594,142882,133778,137972,135625,140509,134275,138455,135407,139096,129503,135717,134692,138504,133211,138242,134232,137526,133094,136907,133661,138167,131829,136404,132505,140632,132778,137262,135221,140820,136760,142355,138116,144810,142078,147915,145119,153616,147817,154160,151185,158530,158248,161599,158392,165201,160232,164932,163751,169331,164675,168437,167229,173335,167846,171733,169786,176725,171249,176634,174794,180411
17,Chain-volume measures,3. Gross fixed capital formation,49512,51545,54464,55519,61066,63650,65836,67582,66975,70804,73832,75493,89982,91802,94465,98617,86094,89043,93778,93453,97604,102500,103821,101651,99413,96421,100118,93957,79259,84244,91038,87083,85983,92193,99310,95747,103789,117465,123944,126361,126658,141844,173079,172592,177745,181289,188892,212519,149206,177173,192548,157785,147604,137137,147041,120024,57251,72285,78342,82055,58350,66276,68118,72803,61953,68726,72381,91510,80302,82484,72637,74292,70561,91420,72681,81967,84826,83573,105286,94064,102592,107410,111356,125398,120826,135020,128305,142972,126944,153136,155679,147057,138526,163053,147620,147048,116464,152096,155897,147343,121912,130861,135652,141134,124182,153359,167972,159895,152495,173505,186375,190505,163499,190329,192047,186974,174424,202005,194914,216157
18,Chain-volume measures,3.1 Business sector investment,23563,24418,23919,26390,33743,34981,34241,37332,39988,42317,42036,45210,58668,58749,57166,63240,54507,55367,55401,57704,61678,64607,60965,61971,60341,55632,54017,53135,43921,46445,47741,46078,50352,54108,55603,55327,61195,71892,73923,75970,84284,96450,120725,122459,126069,127645,128378,155731,92323,115753,122218,90838,93543,82304,86813,71821,28457,41146,39109,53490,35518,39772,38024,45539,41375,18441,46074,61973,58640,58357,45857,48419,47676,59726,41577,51774,57158,53611,70524,62466,74850,79096,79067,91346,93645,102353,94066,99806,92621,112806,109193,101761,93280,114207,93302,80703,64743,87420,91591,86678,71523,74938,69365,75042,72211,91201,100152,87375,101305,110455,113394,124442,113711,128545,126946,115378,118120,136869,123563,138476
19,Chain-volume measures,3.2 Residential construction,14252,14162,15227,16704,15415,15453,16325,17731,13874,13844,14715,16179,13776,13895,15013,16500,13894,14031,15091,16560,15885,15735,16975,18603,18585,18261,18965,19680,19518,19845,21631,23887,21020,20904,22192,23943,23723,23754,25418,27675,25954,26474,28649,31458,31647,31049,32792,35800,34042,35005,37415,41621,31396,29629,28410,26262,13807,13387,12523,11567,9503,9971,10741,11847,10439,11271,11683,10924,11002,12085,12460,11948,11194,12057,14738,14487,14737,14803,15507,15341,14071,12974,15026,17009,14161,16605,16214,27373,19153,19890,23958,26706,26970,26106,23290,27759,33020,36375,35607,31551,32320,32291,36400,35713,31219,33845,34203,33980,29119,32366,33241,31395,26228,30828,32600,33695,32230,34878,38052,40397
20,Chain-volume measures,3.3 Government services,13394,14721,17571,14372,12941,14298,16802,13698,13534,15037,17904,14581,17060,18846,22545,18597,17538,19611,23679,19298,19899,21985,26360,21333,20768,23146,28212,21952,16772,18968,23152,18598,15407,18037,22744,17440,19840,22757,25762,23793,17061,19609,24498,19227,20779,23430,28661,21877,23769,27461,34241,26384,23624,26152,32994,22760,15879,18508,28009,17351,13588,16895,20124,15572,10035,41799,14749,18438,10337,11837,14530,14045,11657,19783,16610,15803,12928,15237,19328,16306,13655,15343,17289,17030,13020,16062,18025,15794,15058,20471,22129,18000,17241,22186,29638,35884,16003,25406,26008,26693,15697,21077,26463,27144,18180,25396,30555,35349,19822,28015,36797,32104,21749,28664,29962,34939,21690,27642,30305,34106
21,Chain-volume measures,4. Changes in inventories,.,.,.,.,.,.,.,.,.,.,.,.,.,.,.,.,.,.,.,.,.,.,.,.,.,.,.,.,.,.,.,.,.,.,.,.,.,.,.,.,.,.,.,.,.,.,.,.,.,.,.,.,.,.,.,.,.,.,.,.,.,.,.,.,.,.,.,.,.,.,.,.,.,.,.,.,.,.,.,.,.,.,.,.,.,.,.,.,.,.,.,.,.,.,.,.,.,.,.,.,.,.,.,.,.,.,.,.,.,.,.,.,.,.,.,.,.,.,.,.
22,Chain-volume measures,5. Gross domestic final expenditure,276643,304093,314246,331003,301806,326473,331718,346511,319181,347382,356115,369009,371612,394753,407050,421760,393097,412748,422417,432044,414151,442019,449957,459283,422568,434982,438918,435157,400891,421264,437713,441083,430716,446044,458167,458631,469152,490333,493261,520964,513759,545630,588174,595226,599265,611447,621768,648777,573641,637428,645728,630468,612239,581785,589791,534000,457577,473118,462922,475183,446160,442581,453282,478923,461510,461304,456359,500887,483603,472238,462340,487508,472993,494095,462201,493932,476155,500313,503099,530756,520871,532994,516562,567449,560122,577164,557283,607302,579312,624832,627064,633766,614769,667441,630772,663526,589976,669928,660114,668595,618991,623650,648070,654381,632339,671363,698355,724773,706051,731791,741324,778614,749284,758816,746138,771247,742157,780847,752646,817987
23,Chain-volume measures,6. Exports of goods and services,103605,110817,113919,108236,108902,116020,125631,121345,114380,123809,132534,123760,102356,132847,144470,121849,119496,131696,138207,127751,118035,133416,156024,129646,134750,136805,156408,145392,139580,151900,159687,142581,146504,144200,164495,142958,152330,152882,181699,160079,154810,186226,187578,164422,154808,173576,175460,156552,182624,196756,198941,236407,182072,235009,218588,207285,217184,221273,257585,217017,198893,234267,255649,232963,207155,232096,275359,238464,218677,247207,284475,237009,226832,254399,309003,264321,237299,270150,329484,258630,248782,312209,345601,287001,263684,329551,406819,324252,279511,357521,406275,348269,307113,351745,416931,321664,313847,326455,372616,309782,257504,196001,236594,226695,210972,246455,311226,283493,265210,316338,384658,318690,297507,346024,395378,326382,292177,339000,387469,329589
24,Chain-volume measures,"6.1 Goods, fob",78005,81929,73268,82121,85916,84308,78804,90580,88185,85910,82329,88506,71244,88503,90804,83495,86559,89245,82800,91131,82536,83282,89006,86296,89444,83369,85016,98472,93135,99904,96042,93654,99631,91769,93223,93339,107747,96388,102296,108333,96972,117805,95711,97585,99767,103858,92265,90071,109490,102714,94037,147348,106148,152900,120132,128281,146149,130438,142174,134671,121410,133706,133378,140168,128197,123707,145290,145716,135031,136613,143825,146116,138523,134676,155551,153996,144489,147903,157811,148617,145971,158251,152032,161645,146337,161993,164013,168543,141510,174177,160514,171685,166802,168890,163654,173497,182013,164326,153186,168523,151105,144182,157159,167793,161219,168209,164813,172644,164646,164482,171190,175768,168820,164701,170001,180359,166692,174154,169957,183865
25,Chain-volume measures,6.2 Services,26957,30396,42616,27508,24129,33337,49290,32329,27807,39702,52192,37040,32600,46290,55801,40131,34348,44306,57882,38197,37148,52076,69354,45196,47193,55474,73890,48923,48240,54006,66121,50818,48883,54417,73552,51585,47646,58583,80856,54554,59891,70991,92435,68541,57190,71562,84158,67889,74829,96228,107347,91121,77260,82050,100881,79691,70110,92356,118473,82940,78488,100895,121489,93785,79117,108967,130785,92968,83322,111312,142382,90559,88679,120229,154102,110788,94114,122669,170740,110866,103703,153783,192174,126034,117346,167559,242806,155709,138658,183466,241965,176915,142048,182677,249491,149870,132769,162250,218397,141802,107275,53548,80906,60938,52513,79998,145139,111337,101566,153634,216155,144529,127602,187081,235993,145907,128192,168498,222458,148889
26,Chain-volume measures,7. Imports of goods and services,-101833,-113696,-110257,-121332,-108289,-129208,-133607,-141288,-113720,-140867,-145173,-147886,-156102,-169051,-178054,-164622,-148467,-188142,-181913,-171695,-160712,-199659,-195102,-188595,-178914,-165624,-176757,-148547,-152988,-168202,-170906,-159455,-154901,-184831,-198015,-180623,-179466,-215878,-212150,-215917,-221745,-265394,-283776,-281628,-277473,-293739,-278632,-306058,-247065,-295566,-286232,-300882,-247301,-254759,-239661,-158543,-162901,-182624,-188538,-180120,-166275,-180092,-190306,-194070,-172956,-190639,-202912,-213735,-191164,-215707,-210505,-198785,-180267,-211663,-213701,-211394,-200055,-226147,-246320,-226371,-231251,-260873,-256121,-272376,-267140,-304835,-301461,-296224,-275354,-354156,-340573,-337956,-297041,-347857,-337247,-314023,-272325,-308616,-309358,-288069,-253715,-214825,-232421,-234246,-228273,-274355,-299662,-325048,-295043,-337677,-360292,-361477,-302745,-344621,-350477,-342575,-305782,-349905,-342859,-378708
27,Chain-volume measures,"7.1 Goods, fob",-70830,-82792,-75189,-87695,-80283,-91324,-93229,-101870,-81573,-100202,-99610,-104469,-115958,-120982,-121835,-118063,-108706,-137452,-125988,-117084,-115876,-136384,-128072,-126734,-126943,-109619,-113394,-100133,-104915,-112564,-111924,-107731,-100184,-123158,-129238,-117860,-119874,-148387,-142138,-143326,-148465,-177729,-187431,-176890,-189823,-206909,-188026,-218184,-167006,-198316,-188397,-203467,-170915,-179063,-162436,-101563,-104515,-120607,-119699,-114209,-105210,-111042,-119715,-121196,-110112,-119482,-123514,-135119,-121135,-132468,-126563,-119192,-112531,-132313,-129973,-123262,-123690,-139103,-154074,-130209,-150654,-170108,-158242,-170913,-176410,-201717,-181701,-181228,-173673,-227841,-212234,-211002,-186520,-217544,-200764,-193389,-169052,-196649,-192545,-178226,-164426,-154996,-167647,-167837,-164398,-197824,-205404,-211295,-192709,-209418,-228823,-230994,-189684,-214935,-219404,-214853,-185505,-222353,-212585,-245572
28,Chain-volume measures,7.2 Services,-31117,-30674,-35335,-33455,-27725,-37887,-40471,-39269,-32062,-40608,-45710,-43398,-40002,-48022,-56298,-46507,-39750,-50674,-55845,-54518,-44856,-63042,-66626,-61570,-51673,-55855,-63259,-48250,-47946,-55451,-58751,-51563,-54373,-61433,-68393,-62411,-59397,-67498,-69806,-72306,-73073,-87420,-95987,-104051,-87174,-86263,-90155,-87256,-79800,-97003,-97747,-97096,-75879,-74996,-76923,-57130,-58527,-61974,-69077,-66146,-61117,-68965,-70617,-72857,-62866,-71154,-79341,-78629,-69954,-83347,-84173,-79826,-67743,-79350,-83894,-88541,-76453,-87166,-92297,-96570,-80507,-90659,-98007,-101529,-90730,-103118,-119760,-114996,-101655,-126431,-128220,-126850,-110516,-130335,-136832,-120750,-103217,-111308,-116689,-109853,-88706,-58245,-63065,-64763,-62445,-74808,-92570,-112130,-101330,-127795,-130643,-129566,-112949,-129760,-130981,-127551,-121063,-126983,-130486,-131803
29,Chain-volume measures,8. Gross Domestic Product,276181,299255,314693,316167,299855,312366,322899,326269,317251,329771,342768,344401,319370,359622,374808,378633,362210,359956,380388,387677,370618,380057,412286,401559,379603,404186,417128,426395,385833,404089,425361,421134,419202,405961,426072,420245,440440,431124,463289,467042,450593,473361,500307,487992,488385,503273,526236,515155,514770,548798,566520,574851,551460,562997,568462,570739,515345,514250,536977,514371,480622,499860,522453,519058,496626,504228,534157,524305,510297,502074,542422,526426,523411,537686,565526,549343,515291,544965,588598,563824,538638,584208,607301,580702,556666,601881,662640,635330,587178,633639,690459,648289,628313,677081,704109,675204,630906,690475,720783,692511,626285,610731,656050,651810,620595,649482,712855,690039,682325,716839,770125,743686,749049,767194,800079,761133,735947,777237,803061,777117
30,Volume changes,1. Private final consumption,3.0,4.5,5.1,4.6,5.3,5.5,4.6,4.8,5.7,6.1,7.7,5.7,12.0,9.7,12.8,12.6,11.7,8.1,5.7,4.2,3.0,5.0,3.8,3.9,1.9,-2.5,-4.2,-5.8,-4.3,-1.5,0.4,2.4,6.2,5.3,5.2,7.1,6.9,6.9,6.2,8.6,8.8,14.3,12.5,11.0,11.3,4.6,0.3,0.1,-0.5,5.8,10.6,10.5,8.7,-3.8,-9.0,-20.6,-20.6,-16.1,-11.4,0.1,-0.8,-2.8,-0.9,3.3,0.3,4.6,1.9,1.8,2.1,2.5,1.0,1.7,1.8,0.3,1.0,1.2,1.9,3.3,2.7,3.6,4.4,4.8,3.3,5.3,7.2,8.1,5.2,6.4,6.7,8.7,9.6,7.0,5.8,5.1,5.2,3.5,2.6,1.1,2.5,0.9,1.5,-8.8,-1.4,-3.3,0.5,9.1,5.7,12.3,9.0,13.1,5.5,5.8,5.2,1.1,-1.1,-2.8,0.6,-0.3,1.5,0.8
31,Volume changes,2. Government final consumption,3.3,3.3,3.4,3.3,1.0,1.0,0.9,0.9,2.5,3.2,1.0,3.4,7.5,5.0,5.0,2.5,3.6,4.7,5.0,6.9,3.7,4.5,9.3,4.4,9.1,7.3,1.5,4.0,3.7,4.4,6.1,6.6,3.5,2.9,1.7,-0.2,2.4,3.1,3.0,1.0,3.7,4.9,5.2,5.8,6.2,4.1,5.0,5.3,5.6,10.2,-4.2,4.4,4.8,1.3,5.7,10.0,-3.2,-0.7,0.1,-7.9,-4.6,-5.9,-1.4,-1.7,0.4,0.4,-0.2,-1.0,-3.6,-2.0,-0.5,-0.4,2.9,1.9,-0.3,-0.7,-0.1,-1.0,-0.4,0.5,-1.0,-0.4,-0.9,1.8,0.7,0.6,2.0,0.1,3.0,3.7,2.1,2.8,3.9,3.9,5.1,6.1,4.0,4.2,4.2,3.2,7.1,4.8,4.8,4.2,1.3,2.1,3.4,2.5,2.8,2.1,2.1,2.4,1.9,2.0,1.5,2.0,2.0,2.9,2.9,2.1
32,Volume changes,3. Gross fixed capital formation,1.0,0.3,-1.2,0.9,23.3,23.5,20.9,21.7,9.7,11.2,12.1,11.7,34.4,29.7,27.9,30.6,-4.3,-3.0,-0.7,-5.2,13.4,15.1,10.7,8.8,1.9,-5.9,-3.6,-7.6,-20.3,-12.6,-9.1,-7.3,8.5,9.4,9.1,9.9,20.7,27.4,24.8,32.0,22.0,20.8,39.6,36.6,40.3,27.8,9.1,23.1,-16.1,-2.3,1.9,-25.8,-1.1,-22.6,-23.6,-23.9,-61.2,-47.3,-46.7,-31.6,1.9,-8.3,-13.1,-11.3,6.2,3.7,6.3,25.7,29.6,20.0,0.4,-18.8,-12.1,10.8,0.1,10.3,20.2,-8.6,44.9,14.8,20.9,28.5,5.8,33.3,17.8,25.7,15.2,14.0,5.1,13.4,21.3,2.9,9.1,6.5,-5.2,0.0,-15.9,-6.7,5.6,0.2,4.7,-14.0,-13.0,-4.2,1.9,17.2,23.8,13.3,22.8,13.1,11.0,19.1,7.2,9.7,3.0,-1.9,6.7,6.1,1.5,15.6
33,Volume changes,3.1 Business sector investment,9.7,10.9,10.4,11.6,43.2,43.3,43.2,41.5,18.5,21.0,22.8,21.1,46.7,38.8,36.0,39.9,-7.1,-5.8,-3.1,-8.8,13.2,16.7,10.0,7.4,-2.2,-13.9,-11.4,-14.3,-27.2,-16.5,-11.6,-13.3,14.6,16.5,16.5,20.1,21.5,32.9,32.9,37.3,37.7,34.2,63.3,61.2,49.6,32.3,6.3,27.2,-26.8,-9.3,-4.8,-41.7,1.3,-28.9,-29.0,-20.9,-69.6,-50.0,-55.0,-25.5,24.8,-3.3,-2.8,-14.9,16.5,-53.6,21.2,36.1,41.7,216.5,-0.5,-21.9,-18.7,2.3,-9.3,6.9,19.9,-10.2,69.6,20.7,31.0,47.5,12.1,46.2,25.1,29.4,19.0,9.3,-1.1,10.2,16.1,2.0,0.7,1.2,-14.6,-20.7,-30.6,-23.5,-1.8,7.4,10.5,-14.3,-24.3,-13.4,1.0,21.7,44.4,16.4,40.3,21.1,13.2,42.4,12.2,16.4,12.0,-7.3,3.9,6.5,-2.7,20.0
34,Volume changes,3.2 Residential construction,-7.8,-9.3,-8.9,-8.8,8.2,9.1,7.2,6.1,-10.0,-10.4,-9.9,-8.8,-0.7,0.4,2.0,2.0,0.9,1.0,0.5,0.4,14.3,12.1,12.5,12.3,17.0,16.1,11.7,5.8,5.0,8.7,14.1,21.4,7.7,5.3,2.6,0.2,12.9,13.6,14.5,15.6,9.4,11.5,12.7,13.7,21.9,17.3,14.5,13.8,7.6,12.7,14.1,16.3,-7.8,-15.4,-24.1,-36.9,-56.0,-54.8,-55.9,-56.0,-31.2,-25.5,-14.2,2.4,9.9,13.0,8.8,-7.8,5.4,7.2,6.7,9.4,1.7,-0.2,18.3,21.2,31.7,22.8,5.2,5.9,-4.5,-12.4,-3.1,10.9,0.6,28.0,7.9,60.9,35.2,19.8,47.8,-2.4,40.8,31.3,-2.8,3.9,22.4,39.3,52.9,13.7,-2.1,-11.2,2.2,13.2,-3.4,4.8,-6.0,-4.9,-6.7,-4.4,-2.8,-7.6,-9.9,-4.8,-1.9,7.3,22.9,13.1,16.7,19.9
35,Volume changes,3.3 Government services,-5.7,-8.3,-10.3,-7.7,-3.4,-2.9,-4.4,-4.7,4.6,5.2,6.6,6.4,26.1,25.3,25.9,27.5,2.8,4.1,5.0,3.8,13.5,12.1,11.3,10.5,4.4,5.3,7.0,2.9,-19.2,-18.1,-17.9,-15.3,-8.1,-4.9,-1.8,-6.2,28.8,26.2,13.3,36.4,-14.0,-13.8,-4.9,-19.2,21.8,19.5,17.0,13.8,14.4,17.2,19.5,20.6,-0.6,-4.8,-3.6,-13.7,-32.8,-29.2,-15.1,-23.8,-14.4,-8.7,-28.2,-10.3,-26.1,147.4,-26.7,18.4,3.0,-71.7,-1.5,-23.8,12.8,67.1,14.3,12.5,10.9,-23.0,16.4,3.2,5.6,0.7,-10.6,4.4,-4.7,4.7,4.3,-7.3,15.7,27.5,22.8,14.0,14.5,8.4,33.9,99.4,-7.2,14.5,-12.2,-25.6,-1.9,-17.0,1.7,1.7,15.8,20.5,15.5,30.2,9.0,10.3,20.4,-9.2,9.7,2.3,-18.6,8.8,-0.3,-3.6,1.1,-2.4
36,Volume changes,4. Changes in inventories,-0.8,0.7,1.4,2.4,0.6,-0.4,-0.9,-1.6,-0.1,-0.1,0.2,0.1,0.5,0.7,-0.4,-0.2,-0.2,-0.1,-0.2,0.0,-0.2,0.0,0.0,1.2,-1.3,-0.2,0.5,-1.7,1.4,-0.5,0.2,0.1,1.4,0.3,-0.3,-1.8,0.6,-0.4,-1.7,1.7,-0.7,-2.6,1.4,-1.8,-0.4,1.9,2.0,1.7,-0.5,0.0,-0.9,-0.6,1.6,-1.0,1.9,-0.6,1.8,2.0,-4.6,-0.9,-0.7,-1.9,0.9,1.2,1.9,0.9,-1.2,-0.2,0.3,-1.4,0.5,0.3,-1.4,1.7,-0.7,-0.7,-3.5,1.4,0.3,2.4,3.3,-0.8,0.0,-2.3,0.1,-1.3,1.0,0.3,-1.7,-0.4,1.9,-0.9,0.2,1.4,-1.4,1.0,-2.9,0.4,1.3,-0.9,1.1,-0.4,0.9,-0.6,1.2,-1.1,-1.0,0.7,1.9,-1.4,0.3,-0.5,1.9,0.3,-0.3,0.5,-3.4,0.7,-0.8,1.4
37,Volume changes,5. Gross domestic final expenditure,1.8,4.2,5.1,6.2,9.1,7.4,5.6,4.7,5.8,6.4,7.4,6.5,16.4,13.6,14.3,14.3,5.8,4.6,3.8,2.4,5.4,7.1,6.5,6.3,2.0,-1.6,-2.5,-5.3,-5.1,-3.2,-0.3,1.4,7.4,5.9,4.7,4.0,8.9,9.9,7.7,13.6,9.5,11.3,19.2,14.3,16.6,12.1,5.7,9.0,-4.3,4.2,3.9,-2.8,6.7,-8.7,-8.7,-15.3,-25.3,-18.7,-21.5,-11.0,-2.5,-6.5,-2.1,0.8,3.4,4.2,0.7,4.6,4.8,2.4,1.3,-2.7,-2.2,4.6,0.0,1.3,0.7,1.3,8.8,7.5,9.4,6.5,2.7,6.9,7.5,8.3,7.9,7.0,3.4,8.3,12.5,4.4,6.1,6.8,0.6,4.7,-4.0,0.4,4.7,0.8,4.9,-6.9,-1.8,-2.1,2.2,7.7,7.8,10.8,11.7,9.0,6.2,7.4,6.1,3.7,0.6,-0.9,-1.0,2.9,0.9,6.1
38,Volume changes,6. Exports of goods and services,40.0,44.2,54.1,33.7,5.1,4.7,10.3,12.1,5.0,6.7,5.5,2.0,-10.5,7.3,9.0,-1.5,16.7,-0.9,-4.3,4.8,-1.2,1.3,12.9,1.5,14.2,2.5,0.2,12.1,3.6,11.0,2.1,-1.9,5.0,-5.1,3.0,0.3,4.0,6.0,10.5,12.0,1.6,21.8,3.2,2.7,0.0,-6.8,-6.5,-4.8,18.0,13.4,13.4,51.0,-0.3,19.4,9.9,-12.3,19.3,-5.8,17.8,4.7,-8.4,5.9,-0.8,7.3,4.2,-0.9,7.7,2.4,5.6,6.5,3.3,-0.6,3.7,2.9,8.6,11.5,4.6,6.2,6.6,-2.2,4.8,15.6,4.9,11.0,6.0,5.6,17.7,13.0,6.0,8.5,-0.1,7.4,9.9,-1.6,2.6,-7.6,2.2,-7.2,-10.6,-3.7,-18.0,-40.0,-36.5,-26.8,-18.1,25.7,31.5,25.1,25.7,28.4,23.6,12.4,12.2,9.4,2.8,2.4,-1.8,-2.0,-2.0,1.0
39,Volume changes,"6.1 Goods, fob",5.0,6.3,-1.3,1.1,10.1,2.9,7.6,10.3,2.6,1.9,4.5,-2.3,-19.2,3.0,10.3,-5.7,21.5,0.8,-8.8,9.1,-4.6,-6.7,7.5,-5.3,8.4,0.1,-4.5,14.1,4.1,19.8,13.0,-4.9,7.0,-8.1,-2.9,-0.3,8.1,5.0,9.7,16.1,-10.0,22.2,-6.4,-9.9,2.9,-11.8,-3.6,-7.7,9.7,-1.1,1.9,63.6,-3.1,48.9,27.7,-12.9,37.7,-14.7,18.3,5.0,-16.9,2.5,-6.2,4.1,5.6,-7.5,8.9,4.0,5.3,10.4,-1.0,0.3,2.6,-1.4,8.2,5.4,4.3,9.8,1.5,-3.5,1.0,7.0,-3.7,8.8,0.3,2.4,7.9,4.3,-3.3,7.5,-2.1,1.9,17.9,-3.0,2.0,1.1,9.1,-2.7,-6.4,-2.9,-17.0,-12.3,2.6,-0.4,6.7,16.7,4.9,2.9,2.1,-2.2,3.9,1.8,2.5,0.1,-0.7,2.6,-1.3,5.7,0.0,1.9
40,Volume changes,6.2 Services,..,..,..,..,-10.5,9.7,15.7,17.5,15.2,19.1,5.9,14.6,17.2,16.6,6.9,8.3,5.4,-4.3,3.7,-4.8,8.2,17.5,19.8,18.3,27.0,6.5,6.5,8.2,2.2,-2.6,-10.5,3.9,1.3,0.8,11.2,1.5,-2.5,7.7,9.9,5.8,25.7,21.2,14.3,25.6,-4.5,0.8,-9.0,-1.0,30.8,34.5,27.6,34.2,3.2,-14.7,-6.0,-12.5,-9.3,12.6,17.4,4.1,11.9,9.2,2.5,13.1,0.8,8.0,7.7,-0.9,5.3,2.2,8.9,-2.6,6.4,8.0,8.2,22.3,6.1,2.0,10.8,0.1,10.2,25.4,12.6,13.7,13.2,9.0,26.3,23.5,18.2,9.5,-0.3,13.6,2.4,-0.4,3.1,-15.3,-6.5,-11.2,-12.5,-5.4,-19.2,-67.0,-63.0,-57.0,-51.0,49.4,79.4,82.7,93.4,92.0,48.9,29.8,25.6,21.8,9.2,1.0,0.5,-9.9,-5.7,2.0
41,Volume changes,7. Imports of goods and services,82.2,52.5,58.7,44.0,6.3,13.6,21.2,16.4,5.0,9.0,8.7,4.7,37.3,20.0,22.6,11.3,-4.9,11.3,2.2,4.3,8.2,6.1,7.3,9.8,11.3,-17.0,-9.4,-21.2,-14.5,1.6,-3.3,7.3,1.3,9.9,15.9,13.3,15.9,16.8,7.1,19.5,23.6,22.9,33.8,30.4,25.1,10.7,-1.8,8.7,-11.0,0.6,2.7,-1.7,0.1,-13.8,-16.3,-47.3,-34.1,-28.3,-21.3,13.6,2.1,-1.4,0.9,7.7,4.0,5.9,6.6,10.1,10.5,13.1,3.7,-7.0,-5.7,-1.9,1.5,6.3,11.0,6.8,15.3,7.1,15.6,15.4,4.0,20.3,15.5,16.9,17.7,8.8,3.1,16.2,13.0,14.1,7.9,-1.8,-1.0,-7.1,-8.3,-11.3,-8.3,-8.3,-6.8,-30.4,-24.9,-18.7,-10.0,27.7,28.9,38.8,29.3,23.1,20.2,11.2,2.6,2.1,-2.7,-5.2,1.0,1.5,-2.2,10.5
42,Volume changes,"7.1 Goods, fob",30.0,14.0,11.1,6.8,13.3,10.3,24.0,16.2,1.6,9.7,6.8,2.6,42.2,20.7,22.3,13.0,-6.3,13.6,3.4,-0.8,6.6,-0.8,1.7,8.2,9.6,-19.6,-11.5,-21.0,-17.4,2.7,-1.3,7.6,-4.5,9.4,15.5,9.4,19.7,20.5,10.0,21.6,23.9,19.8,31.9,23.4,27.9,16.4,0.3,23.3,-12.0,-4.2,0.2,-6.7,2.3,-9.7,-13.8,-50.1,-38.8,-32.6,-26.3,12.5,0.7,-7.9,0.0,6.1,4.7,7.6,3.2,11.5,10.0,10.9,2.5,-11.8,-7.1,-0.1,2.7,3.4,9.9,5.1,18.5,5.6,21.8,22.3,2.7,31.3,17.1,18.6,14.8,6.0,-1.6,13.0,16.8,16.4,7.4,-4.5,-5.4,-8.3,-9.4,-9.6,-4.1,-7.8,-2.7,-21.2,-12.9,-5.8,0.0,27.6,22.5,25.9,17.2,5.9,11.4,9.3,-1.6,2.6,-4.1,-7.0,-2.2,3.5,-3.1,14.3
43,Volume changes,7.2 Services,..,..,..,..,-10.9,23.5,14.5,17.4,15.6,7.2,12.9,10.5,24.8,18.3,23.2,7.2,-0.6,5.5,-0.8,17.2,12.8,24.4,19.3,12.9,15.2,-11.4,-5.1,-21.6,-7.2,-0.7,-7.1,6.9,13.4,10.8,16.4,21.0,9.2,9.9,2.1,15.9,23.0,29.5,37.5,43.9,19.3,-1.3,-6.1,-16.1,-8.5,12.4,8.4,11.3,-4.9,-22.7,-21.3,-41.2,-22.9,-17.4,-10.2,15.8,4.4,11.3,2.2,10.1,2.9,3.2,12.4,7.9,11.3,17.1,6.1,1.5,-3.2,-4.8,-0.3,10.9,12.9,9.9,10.0,9.1,5.3,4.0,6.2,5.1,12.7,13.7,22.2,13.3,12.0,22.6,7.1,10.3,8.7,3.1,6.7,-4.8,-6.6,-14.6,-14.7,-9.0,-14.1,-47.7,-46.0,-41.0,-29.6,28.4,46.8,73.1,62.3,70.8,41.1,15.5,11.5,1.5,0.3,-1.6,7.2,-2.1,-0.4,3.3
44,Volume changes,8. Gross Domestic Product,-2.1,3.8,6.1,4.4,8.6,4.4,2.6,3.2,5.8,5.6,6.2,5.6,0.7,9.1,9.3,9.9,13.4,0.1,1.5,2.4,2.3,5.6,8.4,3.6,2.4,6.3,1.2,6.2,1.6,0.0,2.0,-1.2,8.6,0.5,0.2,-0.2,5.1,6.2,8.7,11.1,2.3,9.8,8.0,4.5,8.4,6.3,5.2,5.6,5.4,9.0,7.7,11.6,7.1,2.6,0.3,-0.7,-6.5,-8.7,-5.5,-9.9,-6.7,-2.8,-2.7,0.9,3.3,0.9,2.2,1.0,2.8,-0.4,1.5,0.4,2.6,7.1,4.3,4.4,-1.6,1.4,4.1,2.6,4.5,7.2,3.2,3.0,3.3,3.0,9.1,9.4,5.5,5.3,4.2,2.0,7.0,6.9,2.0,4.2,0.4,2.0,2.4,2.6,-0.7,-11.5,-9.0,-5.9,-0.9,6.3,8.7,5.9,9.9,10.4,8.0,7.8,9.8,7.0,3.9,2.3,-1.7,1.3,0.4,2.1
45,"Chain-volume measures, seasonally adjusted",1. Private final consumption,161507,164153,166542,169710,169715,173094,174001,178403,178331,183886,186966,189747,198315,202638,210632,214403,220026,219446,222780,223865,226138,230707,231650,232615,229265,224443,222273,219435,218477,221037,224171,225241,230984,232389,237267,241075,246030,247318,253522,262166,267610,281259,286723,291141,297159,292773,288353,291823,296907,310387,319058,321190,321790,298984,289659,253574,255678,253551,256946,252344,254406,248236,254771,258440,255783,259212,260633,262003,261563,264827,264224,265898,265766,264938,268021,269074,270295,272698,276824,279006,281386,284148,288120,294464,300917,305207,304556,314747,321558,330497,333069,337911,340843,347570,348359,350166,349178,352621,355638,353707,352362,322653,350122,342171,353576,353009,372463,383264,384214,398110,396252,405070,401606,400680,394140,395093,402218,399415,400417,399285
46,"Chain-volume measures, seasonally adjusted",2. Government final consumption,86289,86670,87310,87518,86959,87378,88356,88443,88336,89736,89900,92009,94003,94107,94593,95059,97384,98634,99057,101792,101147,103153,107462,106827,109591,110222,109764,111425,113593,114987,116636,118739,117522,117817,118342,119289,119872,120750,121763,121778,124073,126283,128329,129299,131307,130905,135530,136324,138664,142591,131799,142121,145401,143916,140951,154826,142431,143392,140732,140771,137003,136009,137419,137453,137834,136923,136602,135874,133268,134149,135558,135440,136356,136440,135594,134821,135970,135354,135482,135022,134797,135040,134710,136824,135491,135757,137381,137452,139075,140449,140672,141844,144408,146127,147881,150312,149928,152362,153859,155541,159943,160218,161008,162271,162492,163947,165714,166095,167129,167692,169033,169823,170399,170878,171630,173183,174007,175521,176525,177034
47,"Chain-volume measures, seasonally adjusted",3. Gross fixed capital formation,51093,52247,52257,55443,63006,64524,63595,67008,69081,71641,71376,75006,92332,92654,91359,98521,88444,89906,90463,93555,99940,103340,100164,102133,102053,97315,96032,94509,82191,85384,87459,86591,88689,93384,95897,95262,106923,118556,119999,126081,129603,143243,169284,172042,181075,182817,184405,212147,155160,179798,186267,155487,154186,138653,139822,119145,61974,73193,72730,82037,62425,66975,64123,72023,64669,69320,69491,91090,83162,82675,69802,74075,73763,92216,69424,81226,88001,84610,102125,93014,106144,108734,108678,123200,124286,136654,125810,140373,131137,154301,152113,145265,142912,163207,143248,146880,121875,151127,151305,147492,130229,131764,130181,137385,133805,154344,162824,154435,163753,173777,180179,185171,174870,190689,187095,180193,184239,202839,190971,209452
48,"Chain-volume measures, seasonally adjusted",3.1 Business sector investment,23563,24418,23919,26390,33743,34981,34241,37332,39988,42317,42036,45210,58668,58749,57166,63240,54507,55367,55401,57704,61678,64607,60965,61971,60341,55632,54017,53135,43921,46445,47741,46078,50352,54108,55603,55327,61195,71892,73923,75970,84284,96450,120725,122459,126069,127645,128378,155731,92323,115753,122218,90838,93543,82304,86813,71821,28457,41146,39109,53490,35518,39772,38024,45539,41375,18441,46074,61973,58640,58357,45857,48419,47676,59726,41577,51774,57158,53611,70524,62466,74850,79096,79067,91346,93645,102353,94066,99806,92621,112806,109193,101761,93280,114207,93302,80703,64743,87420,91591,86678,71523,74938,69365,75042,72211,91201,100152,87375,101305,110455,113394,124442,113711,128545,126946,115378,118120,136869,123563,138476
49,"Chain-volume measures, seasonally adjusted",3.2 Residential construction,14589,14809,15270,15679,16255,16344,16212,16113,14890,14706,14514,14501,14672,14699,14826,14987,14506,14766,14983,15321,15984,16368,17058,17788,18461,18799,19081,19150,20140,20783,21516,22443,21498,21840,22169,22551,24072,24649,25455,26394,26356,27587,28752,29840,31768,32213,33236,34070,35933,37024,37248,37879,33162,30416,27683,24436,14734,13444,12099,11007,10358,10190,10370,11144,10921,11146,11293,10957,11659,11971,11767,12099,11974,12453,13857,14191,15171,15528,14973,14716,14755,14262,14729,15336,14724,18404,16160,25065,19472,21337,23574,25324,25927,26221,23045,28932,32520,35472,34780,33781,34303,32789,34635,34998,33544,34049,32745,32909,32285,31833,31509,30493,29238,30660,31097,32355,34229,35154,37163,39011
50,"Chain-volume measures, seasonally adjusted",3.3 Government services,14840,14891,15066,15261,14303,14428,14403,14605,14884,15148,15368,15656,18782,19014,19321,19931,19494,19844,20199,20588,22318,22286,22346,22628,23698,23584,23750,23046,19366,19308,19364,19451,17840,18375,19088,18325,22836,23004,21502,24810,19748,19928,20391,20327,24067,23783,23597,23300,28014,28099,27859,27882,28536,26888,26347,23759,19945,19413,22490,17899,17169,17438,16151,15420,12455,42563,12049,17955,12694,12159,12238,13657,14180,20202,14134,15338,15740,15559,16632,15868,16565,15376,14873,16502,15917,15897,15584,15502,18767,20100,19090,17702,22463,22211,25779,34497,21620,25447,22560,24484,21517,21411,23119,24333,25132,26143,27060,31146,27436,28848,32594,27861,29562,29194,26766,29791,29196,28167,27381,29000
51,"Chain-volume measures, seasonally adjusted",4. Changes in inventories,.,.,.,.,.,.,.,.,.,.,.,.,.,.,.,.,.,.,.,.,.,.,.,.,.,.,.,.,.,.,.,.,.,.,.,.,.,.,.,.,.,.,.,.,.,.,.,.,.,.,.,.,.,.,.,.,.,.,.,.,.,.,.,.,.,.,.,.,.,.,.,.,.,.,.,.,.,.,.,.,.,.,.,.,.,.,.,.,.,.,.,.,.,.,.,.,.,.,.,.,.,.,.,.,.,.,.,.,.,.,.,.,.,.,.,.,.,.,.,.
52,"Chain-volume measures, seasonally adjusted",5. Gross domestic final expenditure,300252,304605,307293,313841,320435,325622,325998,334459,336498,346604,349944,358647,388200,393306,400976,412693,409558,411341,416131,423276,432539,442867,444185,445818,443305,433125,428988,426206,415436,423153,430314,432048,438563,444604,452891,457501,475812,489524,497465,510910,519619,548521,582230,592419,612674,611492,613227,643864,592941,634370,638892,621061,625529,586346,575318,530622,458741,468398,468484,473176,451061,448705,454207,466973,457094,465164,466851,490951,479125,482544,469144,474876,474569,492868,471353,484431,494184,492875,515480,507784,522741,528170,531695,555269,561751,578835,568282,593003,591264,624166,624686,624860,629361,657903,640984,648261,620562,653718,658802,655531,642977,615246,642632,644238,650724,672195,701015,702895,713864,738063,745076,760775,749569,766438,757437,752040,761866,778672,767488,785611
53,"Chain-volume measures, seasonally adjusted",6. Exports of goods and services,110436,110327,105492,110323,115308,115819,116620,124151,122154,123213,122135,126981,110845,131717,133373,125586,127824,130739,127237,131349,127016,132855,142669,134580,145238,136233,142040,149844,148863,150823,147343,146718,155943,143566,150863,147784,162603,152594,166419,165373,167626,185135,169704,170570,166578,171837,159818,162163,197627,194654,180085,242363,197049,232374,201488,212043,232768,219459,237948,222883,219578,231104,229961,241129,228053,229080,249028,246914,241966,244681,255415,245306,253175,251295,274475,275610,267607,267565,288875,271518,283204,309220,298970,302199,303934,328779,349436,342157,327854,354898,341933,366891,356605,350478,351781,338589,363064,327072,315018,317545,286002,192028,212331,226433,231219,247480,276221,297225,304585,316759,331225,332327,339584,344721,342834,338154,336962,336496,332018,342760
54,"Chain-volume measures, seasonally adjusted","6.1 Goods, fob",78024,81438,75122,80740,85940,83829,80770,89067,88226,85425,84281,86998,71236,87928,92797,82085,86641,88789,84660,89644,82601,82806,90855,84858,89559,82982,86844,96916,93264,99351,97975,92144,99757,91252,95078,91874,107966,95830,104315,106653,97325,117106,97591,96052,100136,103177,93981,88667,110190,102348,95916,145135,106998,152324,122141,125997,147285,129957,144112,132077,122661,133511,135094,137396,129751,123665,146876,142618,136810,136644,145236,142894,140530,134785,156968,150464,146668,147936,159134,145082,148351,158363,153440,157746,148860,162125,165558,164343,144019,174431,162136,167300,169618,169163,165237,168825,184867,164636,154644,163901,153585,144677,158758,163220,163891,168792,166561,167642,167355,165094,173001,170636,171628,165359,171830,175064,169510,174871,171826,178462
55,"Chain-volume measures, seasonally adjusted",6.2 Services,34085,30363,31934,31096,31010,33654,37549,36873,35692,39581,39632,41834,41242,45718,42516,45346,42982,43782,44445,43524,46238,51984,53877,51674,57825,55281,57306,55068,57757,53462,51275,56691,58333,54292,57863,57949,57315,58817,64326,61180,71848,70584,73596,75829,68244,70511,67418,74627,89467,94451,86125,99482,92384,79862,80301,87335,85740,90932,94959,92247,96986,98070,95545,104055,98706,105955,102488,104689,105650,108651,110645,102629,113120,117002,118002,125675,121366,120138,130253,126630,134943,150768,145461,144520,155074,166654,183878,177815,182296,180749,179446,198513,186650,181224,186007,170205,178404,162558,160357,153900,132872,49168,55539,65088,69417,80439,110014,129116,138778,153438,160070,163598,171390,184815,174791,165587,171177,165197,163735,167928
56,"Chain-volume measures, seasonally adjusted",7. Imports of goods and services,-111336,-108813,-105932,-121037,-118233,-124084,-128757,-141318,-124646,-135358,-139787,-147855,-170442,-161967,-170915,-164505,-162385,-180591,-175191,-172050,-176166,-192169,-187290,-188443,-194750,-158443,-168722,-147926,-166653,-161412,-164059,-159428,-169482,-177950,-190502,-180437,-195924,-207635,-204387,-215466,-242263,-256051,-273941,-280288,-301624,-281672,-268354,-304253,-269106,-284939,-276658,-299042,-268378,-244125,-230849,-156911,-177374,-176000,-182066,-178744,-181443,-173898,-183311,-192091,-188750,-184111,-195646,-211734,-208519,-208064,-202871,-196707,-196953,-204378,-206406,-209287,-218781,-218411,-237902,-223799,-252424,-251365,-247164,-269667,-291620,-293662,-290896,-293483,-301717,-342132,-329230,-334960,-324895,-335257,-325132,-310883,-297984,-297444,-298667,-284273,-275071,-204806,-223799,-231531,-248682,-264377,-291962,-322318,-322796,-325953,-349145,-356595,-330262,-331954,-339968,-338233,-333819,-337039,-332427,-373969
57,"Chain-volume measures, seasonally adjusted","7.1 Goods, fob",-76156,-78618,-73893,-87839,-86282,-86691,-91608,-102126,-87813,-95297,-97987,-104757,-124508,-114649,-119434,-118247,-116897,-130675,-123958,-117698,-124813,-129638,-125711,-126904,-135890,-103528,-110672,-99999,-112464,-106733,-109787,-108150,-107850,-117146,-127013,-118432,-129078,-141104,-139607,-143936,-159916,-169106,-184085,-177407,-203973,-196317,-184188,-218464,-179705,-188656,-184950,-203875,-183579,-169833,-158949,-101617,-112409,-114714,-117428,-114480,-113163,-105495,-117201,-121303,-118412,-113549,-120960,-135307,-130260,-125817,-123872,-119409,-121168,-125849,-127385,-123677,-133296,-132296,-150914,-130569,-162265,-161612,-154834,-171206,-189931,-191546,-177814,-181765,-187623,-217079,-208208,-211841,-201364,-206773,-196340,-193739,-182611,-187151,-188367,-178343,-177038,-146885,-163334,-167649,-177571,-188569,-201735,-211045,-208342,-199374,-224156,-230071,-204915,-204673,-215117,-214171,-200616,-211923,-208600,-244877
58,"Chain-volume measures, seasonally adjusted",7.2 Services,-35372,-30068,-32114,-33027,-31779,-37433,-37096,-39044,-36829,-40060,-41808,-43081,-45828,-47302,-51499,-46200,-45457,-49888,-51180,-54262,-51300,-62251,-61285,-61257,-58572,-54793,-57913,-47760,-54019,-54477,-54090,-51125,-61174,-60506,-63245,-61687,-66530,-66444,-64736,-71297,-82038,-86622,-89625,-102246,-97158,-84834,-83699,-85157,-89211,-96150,-91503,-94781,-84362,-73726,-71462,-55378,-65201,-61333,-64760,-64431,-68257,-68236,-66227,-70836,-70337,-70533,-74658,-76461,-78262,-82442,-79135,-77461,-75875,-78617,-79096,-85940,-85643,-86297,-86970,-93575,-90118,-89712,-92398,-98474,-101689,-102117,-113082,-111718,-113975,-125063,-121010,-123107,-123611,-128598,-129038,-117186,-115589,-109937,-109890,-105650,-97486,-56472,-58687,-62134,-69581,-74184,-88552,-109636,-113508,-126302,-124039,-125485,-125635,-127834,-124295,-123478,-134336,-124897,-123672,-127430
59,"Chain-volume measures, seasonally adjusted",8. Gross Domestic Product,297006,304211,301901,303184,315248,316466,310917,318765,331561,333702,329735,339202,331005,363654,362639,375136,374048,364159,367615,384409,383631,386589,398832,395469,395596,408090,399177,424449,396332,411590,409637,418859,422982,410370,412268,425861,442256,437267,457917,464456,450546,483241,484814,493650,492386,511176,511700,517786,528632,552368,548785,575155,559688,573880,544866,575224,517210,514563,526142,523027,489686,509360,501426,521521,496447,511278,521215,530375,510283,517731,522351,530854,533056,540680,541755,560474,543224,542749,564595,562111,551518,585583,581749,591997,572865,613287,623956,646409,618409,641077,638348,661732,661166,677417,666254,679871,682482,685955,674351,691887,655959,607163,633988,647766,638784,660702,690321,683163,701728,734392,733654,743201,765638,785873,767288,758656,771931,785274,774369,763206
60,Seasonally adjusted quarterly volume growth,1. Private final consumption,...,1.6,1.5,1.9,0.0,2.0,0.5,2.5,0.0,3.1,1.7,1.5,4.5,2.2,3.9,1.8,2.6,-0.3,1.5,0.5,1.0,2.0,0.4,0.4,-1.4,-2.1,-1.0,-1.3,-0.4,1.2,1.4,0.5,2.6,0.6,2.1,1.6,2.1,0.5,2.5,3.4,2.1,5.1,1.9,1.5,2.1,-1.5,-1.5,1.2,1.7,4.5,2.8,0.7,0.2,-7.1,-3.1,-12.5,0.8,-0.8,1.3,-1.8,0.8,-2.4,2.6,1.4,-1.0,1.3,0.5,0.5,-0.2,1.2,-0.2,0.6,0.0,-0.3,1.2,0.4,0.5,0.9,1.5,0.8,0.9,1.0,1.4,2.2,2.2,1.4,-0.2,3.3,2.2,2.8,0.8,1.5,0.9,2.0,0.2,0.5,-0.3,1.0,0.9,-0.5,-0.4,-8.4,8.5,-2.3,3.3,-0.2,5.5,2.9,0.2,3.6,-0.5,2.2,-0.9,-0.2,-1.6,0.2,1.8,-0.7,0.3,-0.3
61,Seasonally adjusted quarterly volume growth,2. Government final consumption,...,0.4,0.7,0.2,-0.6,0.5,1.1,0.1,-0.1,1.6,0.2,2.3,2.2,0.1,0.5,0.5,2.4,1.3,0.4,2.8,-0.6,2.0,4.2,-0.6,2.6,0.6,-0.4,1.5,1.9,1.2,1.4,1.8,-1.0,0.3,0.4,0.8,0.5,0.7,0.8,0.0,1.9,1.8,1.6,0.8,1.6,-0.3,3.5,0.6,1.7,2.8,-7.6,7.8,2.3,-1.0,-2.1,9.8,-8.0,0.7,-1.9,0.0,-2.7,-0.7,1.0,0.0,0.3,-0.7,-0.2,-0.5,-1.9,0.7,1.1,-0.1,0.7,0.1,-0.6,-0.6,0.9,-0.5,0.1,-0.3,-0.2,0.2,-0.2,1.6,-1.0,0.2,1.2,0.1,1.2,1.0,0.2,0.8,1.8,1.2,1.2,1.6,-0.3,1.6,1.0,1.1,2.8,0.2,0.5,0.8,0.1,0.9,1.1,0.2,0.6,0.3,0.8,0.5,0.3,0.3,0.4,0.9,0.5,0.9,0.6,0.3
62,Seasonally adjusted quarterly volume growth,3. Gross fixed capital formation,...,2.3,0.0,6.1,13.6,2.4,-1.4,5.4,3.1,3.7,-0.4,5.1,23.1,0.3,-1.4,7.8,-10.2,1.7,0.6,3.4,6.8,3.4,-3.1,2.0,-0.1,-4.6,-1.3,-1.6,-13.0,3.9,2.4,-1.0,2.4,5.3,2.7,-0.7,12.2,10.9,1.2,5.1,2.8,10.5,18.2,1.6,5.3,1.0,0.9,15.0,-26.9,15.9,3.6,-16.5,-0.8,-10.1,0.8,-14.8,-48.0,18.1,-0.6,12.8,-23.9,7.3,-4.3,12.3,-10.2,7.2,0.2,31.1,-8.7,-0.6,-15.6,6.1,-0.4,25.0,-24.7,17.0,8.3,-3.9,20.7,-8.9,14.1,2.4,-0.1,13.4,0.9,10.0,-7.9,11.6,-6.6,17.7,-1.4,-4.5,-1.6,14.2,-12.2,2.5,-17.0,24.0,0.1,-2.5,-11.7,1.2,-1.2,5.5,-2.6,15.4,5.5,-5.2,6.0,6.1,3.7,2.8,-5.6,9.0,-1.9,-3.7,2.2,10.1,-5.9,9.7
63,Seasonally adjusted quarterly volume growth,3.1 Business sector investment,...,3.6,-2.0,10.3,27.9,3.7,-2.1,9.0,7.1,5.8,-0.7,7.6,29.8,0.1,-2.7,10.6,-13.8,1.6,0.1,4.2,6.9,4.7,-5.6,1.7,-2.6,-7.8,-2.9,-1.6,-17.3,5.7,2.8,-3.5,9.3,7.5,2.8,-0.5,10.6,17.5,2.8,2.8,10.9,14.4,25.2,1.4,2.9,1.3,0.6,21.3,-40.7,25.4,5.6,-25.7,3.0,-12.0,5.5,-17.3,-60.4,44.6,-4.9,36.8,-33.6,12.0,-4.4,19.8,-9.1,-55.4,149.8,34.5,-5.4,-0.5,-21.4,5.6,-1.5,25.3,-30.4,24.5,10.4,-6.2,31.5,-11.4,19.8,5.7,0.0,15.5,2.5,9.3,-8.1,6.1,-7.2,21.8,-3.2,-6.8,-8.3,22.4,-18.3,-13.5,-19.8,35.0,4.8,-5.4,-17.5,4.8,-7.4,8.2,-3.8,26.3,9.8,-12.8,15.9,9.0,2.7,9.7,-8.6,13.0,-1.2,-9.1,2.4,15.9,-9.7,12.1
64,Seasonally adjusted quarterly volume growth,3.2 Residential construction,...,1.5,3.1,2.7,3.7,0.6,-0.8,-0.6,-7.6,-1.2,-1.3,-0.1,1.2,0.2,0.9,1.1,-3.2,1.8,1.5,2.3,4.3,2.4,4.2,4.3,3.8,1.8,1.5,0.4,5.2,3.2,3.5,4.3,-4.2,1.6,1.5,1.7,6.7,2.4,3.3,3.7,-0.1,4.7,4.2,3.8,6.5,1.4,3.2,2.5,5.5,3.0,0.6,1.7,-12.5,-8.3,-9.0,-11.7,-39.7,-8.8,-10.0,-9.0,-5.9,-1.6,1.8,7.5,-2.0,2.1,1.3,-3.0,6.4,2.7,-1.7,2.8,-1.0,4.0,11.3,2.4,6.9,2.4,-3.6,-1.7,0.3,-3.3,3.3,4.1,-4.0,25.0,-12.2,55.1,-22.3,9.6,10.5,7.4,2.4,1.1,-12.1,25.5,12.4,9.1,-2.0,-2.9,1.5,-4.4,5.6,1.0,-4.2,1.5,-3.8,0.5,-1.9,-1.4,-1.0,-3.2,-4.1,4.9,1.4,4.0,5.8,2.7,5.7,5.0
65,Seasonally adjusted quarterly volume growth,3.3 Government services,...,0.3,1.2,1.3,-6.3,0.9,-0.2,1.4,1.9,1.8,1.5,1.9,20.0,1.2,1.6,3.2,-2.2,1.8,1.8,1.9,8.4,-0.1,0.3,1.3,4.7,-0.5,0.7,-3.0,-16.0,-0.3,0.3,0.4,-8.3,3.0,3.9,-4.0,24.6,0.7,-6.5,15.4,-20.4,0.9,2.3,-0.3,18.4,-1.2,-0.8,-1.3,20.2,0.3,-0.9,0.1,2.3,-5.8,-2.0,-9.8,-16.1,-2.7,15.9,-20.4,-4.1,1.6,-7.4,-4.5,-19.2,241.7,-71.7,49.0,-29.3,-4.2,0.6,11.6,3.8,42.5,-30.0,8.5,2.6,-1.1,6.9,-4.6,4.4,-7.2,-3.3,11.0,-3.5,-0.1,-2.0,-0.5,21.1,7.1,-5.0,-7.3,26.9,-1.1,16.1,33.8,-37.3,17.7,-11.3,8.5,-12.1,-0.5,8.0,5.2,3.3,4.0,3.5,15.1,-11.9,5.1,13.0,-14.5,6.1,-1.2,-8.3,11.3,-2.0,-3.5,-2.8,5.9
66,Seasonally adjusted quarterly volume growth,4. Changes in inventories,...,.,.,.,.,.,.,.,.,.,.,.,.,.,.,.,.,.,.,.,.,.,.,.,.,.,.,.,.,.,.,.,.,.,.,.,.,.,.,.,.,.,.,.,.,.,.,.,.,.,.,.,.,.,.,.,.,.,.,.,.,.,.,.,.,.,.,.,.,.,.,.,.,.,.,.,.,.,.,.,.,.,.,.,.,.,.,.,.,.,.,.,.,.,.,.,.,.,.,.,.,.,.,.,.,.,.,.,.,.,.,.,.,.,.,.,.,.,.,.
67,Seasonally adjusted quarterly volume growth,5. Gross domestic final expenditure,...,1.4,0.9,2.1,2.1,1.6,0.1,2.6,0.6,3.0,1.0,2.5,8.2,1.3,1.9,2.9,-0.8,0.4,1.2,1.7,2.2,2.4,0.3,0.4,-0.6,-2.3,-1.0,-0.6,-2.5,1.9,1.7,0.4,1.5,1.4,1.9,1.0,4.0,2.9,1.6,2.7,1.7,5.6,6.1,1.7,3.4,-0.2,0.3,5.0,-7.9,7.0,0.7,-2.8,0.7,-6.3,-1.9,-7.8,-13.5,2.1,0.0,1.0,-4.7,-0.5,1.2,2.8,-2.1,1.8,0.4,5.2,-2.4,0.7,-2.8,1.2,-0.1,3.9,-4.4,2.8,2.0,-0.3,4.6,-1.5,2.9,1.0,0.7,4.4,1.2,3.0,-1.8,4.4,-0.3,5.6,0.1,0.0,0.7,4.5,-2.6,1.1,-4.3,5.3,0.8,-0.5,-1.9,-4.3,4.5,0.2,1.0,3.3,4.3,0.3,1.6,3.4,1.0,2.1,-1.5,2.3,-1.2,-0.7,1.3,2.2,-1.4,2.4
68,Seasonally adjusted quarterly volume growth,6. Exports of goods and services,...,-0.1,-4.4,4.6,4.5,0.4,0.7,6.5,-1.6,0.9,-0.9,4.0,-12.7,18.8,1.3,-5.8,1.8,2.3,-2.7,3.2,-3.3,4.6,7.4,-5.7,7.9,-6.2,4.3,5.5,-0.7,1.3,-2.3,-0.4,6.3,-7.9,5.1,-2.0,10.0,-6.2,9.1,-0.6,1.4,10.4,-8.3,0.5,-2.3,3.2,-7.0,1.5,21.9,-1.5,-7.5,34.6,-18.7,17.9,-13.3,5.2,9.8,-5.7,8.4,-6.3,-1.5,5.2,-0.5,4.9,-5.4,0.5,8.7,-0.8,-2.0,1.1,4.4,-4.0,3.2,-0.7,9.2,0.4,-2.9,0.0,8.0,-6.0,4.3,9.2,-3.3,1.1,0.6,8.2,6.3,-2.1,-4.2,8.2,-3.7,7.3,-2.8,-1.7,0.4,-3.8,7.2,-9.9,-3.7,0.8,-9.9,-32.9,10.6,6.6,2.1,7.0,11.6,7.6,2.5,4.0,4.6,0.3,2.2,1.5,-0.5,-1.4,-0.4,-0.1,-1.3,3.2
69,Seasonally adjusted quarterly volume growth,"6.1 Goods, fob",...,4.4,-7.8,7.5,6.4,-2.5,-3.6,10.3,-0.9,-3.2,-1.3,3.2,-18.1,23.4,5.5,-11.5,5.6,2.5,-4.7,5.9,-7.9,0.2,9.7,-6.6,5.5,-7.3,4.7,11.6,-3.8,6.5,-1.4,-6.0,8.3,-8.5,4.2,-3.4,17.5,-11.2,8.9,2.2,-8.7,20.3,-16.7,-1.6,4.3,3.0,-8.9,-5.7,24.3,-7.1,-6.3,51.3,-26.3,42.4,-19.8,3.2,16.9,-11.8,10.9,-8.4,-7.1,8.8,1.2,1.7,-5.6,-4.7,18.8,-2.9,-4.1,-0.1,6.3,-1.6,-1.7,-4.1,16.5,-4.1,-2.5,0.9,7.6,-8.8,2.3,6.7,-3.1,2.8,-5.6,8.9,2.1,-0.7,-12.4,21.1,-7.0,3.2,1.4,-0.3,-2.3,2.2,9.5,-10.9,-6.1,6.0,-6.3,-5.8,9.7,2.8,0.4,3.0,-1.3,0.6,-0.2,-1.4,4.8,-1.4,0.6,-3.7,3.9,1.9,-3.2,3.2,-1.7,3.9
70,Seasonally adjusted quarterly volume growth,6.2 Services,...,-10.9,5.2,-2.6,-0.3,8.5,11.6,-1.8,-3.2,10.9,0.1,5.6,-1.4,10.9,-7.0,6.7,-5.2,1.9,1.5,-2.1,6.2,12.4,3.6,-4.1,11.9,-4.4,3.7,-3.9,4.9,-7.4,-4.1,10.6,2.9,-6.9,6.6,0.1,-1.1,2.6,9.4,-4.9,17.4,-1.8,4.3,3.0,-10.0,3.3,-4.4,10.7,19.9,5.6,-8.8,15.5,-7.1,-13.6,0.5,8.8,-1.8,6.1,4.4,-2.9,5.1,1.1,-2.6,8.9,-5.1,7.3,-3.3,2.1,0.9,2.8,1.8,-7.2,10.2,3.4,0.9,6.5,-3.4,-1.0,8.4,-2.8,6.6,11.7,-3.5,-0.6,7.3,7.5,10.3,-3.3,2.5,-0.8,-0.7,10.6,-6.0,-2.9,2.6,-8.5,4.8,-8.9,-1.4,-4.0,-13.7,-63.0,13.0,17.2,6.6,15.9,36.8,17.4,7.5,10.6,4.3,2.2,4.8,7.8,-5.4,-5.3,3.4,-3.5,-0.9,2.6
71,Seasonally adjusted quarterly volume growth,7. Imports of goods and services,...,-2.3,-2.6,14.3,-2.3,4.9,3.8,9.8,-11.8,8.6,3.3,5.8,15.3,-5.0,5.5,-3.8,-1.3,11.2,-3.0,-1.8,2.4,9.1,-2.5,0.6,3.3,-18.6,6.5,-12.3,12.7,-3.1,1.6,-2.8,6.3,5.0,7.1,-5.3,8.6,6.0,-1.6,5.4,12.4,5.7,7.0,2.3,7.6,-6.6,-4.7,13.4,-11.6,5.9,-2.9,8.1,-10.3,-9.0,-5.4,-32.0,13.0,-0.8,3.4,-1.8,1.5,-4.2,5.4,4.8,-1.7,-2.5,6.3,8.2,-1.5,-0.2,-2.5,-3.0,0.1,3.8,1.0,1.4,4.5,-0.2,8.9,-5.9,12.8,-0.4,-1.7,9.1,8.1,0.7,-0.9,0.9,2.8,13.4,-3.8,1.7,-3.0,3.2,-3.0,-4.4,-4.1,-0.2,0.4,-4.8,-3.2,-25.5,9.3,3.5,7.4,6.3,10.4,10.4,0.1,1.0,7.1,2.1,-7.4,0.5,2.4,-0.5,-1.3,1.0,-1.4,12.5
72,Seasonally adjusted quarterly volume growth,"7.1 Goods, fob",...,3.2,-6.0,18.9,-1.8,0.5,5.7,11.5,-14.0,8.5,2.8,6.9,18.9,-7.9,4.2,-1.0,-1.1,11.8,-5.1,-5.1,6.0,3.9,-3.0,0.9,7.1,-23.8,6.9,-9.6,12.5,-5.1,2.9,-1.5,-0.3,8.6,8.4,-6.8,9.0,9.3,-1.1,3.1,11.1,5.7,8.9,-3.6,15.0,-3.8,-6.2,18.6,-17.7,5.0,-2.0,10.2,-10.0,-7.5,-6.4,-36.1,10.6,2.1,2.4,-2.5,-1.1,-6.8,11.1,3.5,-2.4,-4.1,6.5,11.9,-3.7,-3.4,-1.5,-3.6,1.5,3.9,1.2,-2.9,7.8,-0.8,14.1,-13.5,24.3,-0.4,-4.2,10.6,10.9,0.9,-7.2,2.2,3.2,15.7,-4.1,1.7,-4.9,2.7,-5.0,-1.3,-5.7,2.5,0.6,-5.3,-0.7,-17.0,11.2,2.6,5.9,6.2,7.0,4.6,-1.3,-4.3,12.4,2.6,-10.9,-0.1,5.1,-0.4,-6.3,5.6,-1.6,17.4
73,Seasonally adjusted quarterly volume growth,7.2 Services,...,-15.0,6.8,2.8,-3.8,17.8,-0.9,5.3,-5.7,8.8,4.4,3.0,6.4,3.2,8.9,-10.3,-1.6,9.7,2.6,6.0,-5.5,21.3,-1.6,0.0,-4.4,-6.5,5.7,-17.5,13.1,0.8,-0.7,-5.5,19.7,-1.1,4.5,-2.5,7.9,-0.1,-2.6,10.1,15.1,5.6,3.5,14.1,-5.0,-12.7,-1.3,1.7,4.8,7.8,-4.8,3.6,-11.0,-12.6,-3.1,-22.5,17.7,-5.9,5.6,-0.5,5.9,0.0,-2.9,7.0,-0.7,0.3,5.8,2.4,2.4,5.3,-4.0,-2.1,-2.0,3.6,0.6,8.7,-0.3,0.8,0.8,7.6,-3.7,-0.5,3.0,6.6,3.3,0.4,10.7,-1.2,2.0,9.7,-3.2,1.7,0.4,4.0,0.3,-9.2,-1.4,-4.9,0.0,-3.9,-7.7,-42.1,3.9,5.9,12.0,6.6,19.4,23.8,3.5,11.3,-1.8,1.2,0.1,1.8,-2.8,-0.7,8.8,-7.0,-1.0,3.0
74,Seasonally adjusted quarterly volume growth,8. Gross Domestic Product,...,2.4,-0.8,0.4,4.0,0.4,-1.8,2.5,4.0,0.6,-1.2,2.9,-2.4,9.9,-0.3,3.4,-0.3,-2.6,0.9,4.6,-0.2,0.8,3.2,-0.8,0.0,3.2,-2.2,6.3,-6.6,3.8,-0.5,2.3,1.0,-3.0,0.5,3.3,3.8,-1.1,4.7,1.4,-3.0,7.3,0.3,1.8,-0.3,3.8,0.1,1.2,2.1,4.5,-0.6,4.8,-2.7,2.5,-5.1,5.6,-10.1,-0.5,2.3,-0.6,-6.4,4.0,-1.6,4.0,-4.8,3.0,1.9,1.8,-3.8,1.5,0.9,1.6,0.4,1.4,0.2,3.5,-3.1,-0.1,4.0,-0.4,-1.9,6.2,-0.7,1.8,-3.2,7.1,1.7,3.6,-4.3,3.7,-0.4,3.7,-0.1,2.5,-1.6,2.0,0.4,0.5,-1.7,2.6,-5.2,-7.4,4.4,2.2,-1.4,3.4,4.5,-1.0,2.7,4.7,-0.1,1.3,3.0,2.6,-2.4,-1.1,1.7,1.7,-1.4,-1.4
75,Contributions to growth,1. Private final consumption,...,...,...,...,...,1.1,0.3,1.5,-2.1,1.7,0.9,0.9,0.5,1.3,2.3,1.1,-0.6,-0.2,0.9,0.3,0.4,1.2,0.2,0.2,0.1,-1.2,-0.5,-0.7,-0.6,0.6,0.8,0.3,1.1,0.3,1.2,0.9,1.5,0.3,1.4,1.9,1.6,3.1,1.1,0.9,0.2,-0.9,-0.9,0.7,0.3,2.5,1.5,0.4,0.3,-4.0,-1.6,-6.5,1.3,-0.4,0.7,-0.9,2.6,-1.3,1.3,0.8,-1.8,0.7,0.3,0.3,0.2,0.7,-0.1,0.3,1.2,-0.2,0.6,0.2,1.0,0.5,0.8,0.4,-0.4,0.5,0.7,1.1,-1.5,0.7,-0.1,1.6,0.4,1.4,0.4,0.7,-0.5,1.0,0.1,0.3,0.1,0.5,0.4,-0.3,-0.2,-4.4,4.4,-1.2,1.4,-0.1,2.8,1.5,-1.3,1.9,-0.2,1.1,-1.4,-0.1,-0.8,0.1,2.4,-0.3,0.1,-0.1
76,Contributions to growth,2. Government final consumption,...,...,...,...,...,0.1,0.2,0.0,1.0,0.3,0.0,0.5,1.4,0.0,0.1,0.1,1.4,0.3,0.1,0.6,0.5,0.4,0.9,-0.1,1.1,0.1,-0.1,0.4,0.4,0.3,0.3,0.4,0.3,0.1,0.1,0.2,0.9,0.2,0.2,0.0,0.8,0.4,0.4,0.2,0.8,-0.1,0.8,0.1,0.5,0.7,-1.8,1.7,1.0,-0.3,-0.5,2.4,-2.3,0.2,-0.5,0.0,-0.8,-0.2,0.3,0.0,-0.3,-0.2,-0.1,-0.1,0.1,0.2,0.3,0.0,0.7,0.0,-0.1,-0.1,0.6,-0.1,0.0,-0.1,0.2,0.0,-0.1,0.4,0.1,0.0,0.3,0.3,1.0,0.2,0.0,0.2,1.3,0.3,0.3,0.4,0.4,0.4,0.2,0.3,0.7,0.0,0.1,0.2,0.3,0.3,0.3,0.1,0.2,0.1,0.2,0.1,0.0,0.1,0.1,0.2,0.4,0.2,0.1,0.1
77,Contributions to growth,3. Gross fixed capital formation,...,...,...,...,...,0.5,-0.3,1.1,0.0,0.8,-0.1,1.1,4.4,0.1,-0.4,2.0,-3.4,0.4,0.2,0.8,1.3,0.9,-0.8,0.5,-0.6,-1.1,-0.3,-0.4,-2.4,0.8,0.5,-0.2,0.1,1.1,0.6,-0.1,2.9,2.5,0.3,1.3,0.5,2.9,5.1,0.5,0.7,0.3,0.3,5.0,-9.4,4.4,1.1,-5.3,0.1,-2.7,0.2,-3.6,-8.7,2.2,-0.1,1.8,-3.1,1.0,-0.6,1.7,-1.9,1.0,0.0,4.4,-1.6,-0.1,-2.7,0.9,-0.1,3.7,-4.5,2.3,1.3,-0.7,3.5,-1.7,1.8,0.5,0.0,2.6,-0.5,2.2,-1.8,2.3,-1.9,3.7,-0.3,-1.0,-0.8,2.9,-2.8,0.5,-3.0,4.2,0.0,-0.6,-2.2,0.2,-0.3,1.1,-0.1,3.3,1.3,-1.2,1.1,1.4,0.9,0.7,-1.5,1.9,-0.4,-0.8,1.4,2.1,-1.3,2.1
78,Contributions to growth,3.1 Business sector investment,...,...,...,...,...,...,...,...,...,...,...,...,...,...,...,...,...,...,...,...,...,...,...,...,...,...,...,...,...,...,...,...,...,...,...,...,...,...,...,...,...,...,...,...,...,...,...,...,...,...,...,...,...,...,...,...,...,...,...,...,...,...,...,...,...,...,...,...,...,...,...,...,...,...,...,...,...,...,...,...,...,...,...,...,...,...,...,...,...,...,...,...,...,...,...,...,...,...,...,...,...,...,...,...,...,...,...,...,...,...,...,...,...,...,...,...,...,...,...,...
79,Contributions to growth,3.2 Residential construction,...,...,...,...,...,...,...,...,...,...,...,...,...,...,...,...,...,...,...,...,...,...,...,...,...,...,...,...,...,...,...,...,...,...,...,...,...,...,...,...,...,...,...,...,...,...,...,...,...,...,...,...,...,...,...,...,...,...,...,...,...,...,...,...,...,...,...,...,...,...,...,...,...,...,...,...,...,...,...,...,...,...,...,...,...,...,...,...,...,...,...,...,...,...,...,...,...,...,...,...,...,...,...,...,...,...,...,...,...,...,...,...,...,...,...,...,...,...,...,...
80,Contributions to growth,3.3 Government services,...,...,...,...,...,...,...,...,...,...,...,...,...,...,...,...,...,...,...,...,...,...,...,...,...,...,...,...,...,...,...,...,...,...,...,...,...,...,...,...,...,...,...,...,...,...,...,...,...,...,...,...,...,...,...,...,...,...,...,...,...,...,...,...,...,...,...,...,...,...,...,...,...,...,...,...,...,...,...,...,...,...,...,...,...,...,...,...,...,...,...,...,...,...,...,...,...,...,...,...,...,...,...,...,...,...,...,...,...,...,...,...,...,...,...,...,...,...,...,...
81,Contributions to growth,4. Changes in inventories,...,...,...,...,...,0.1,-1.0,1.1,-0.5,0.3,-0.7,1.1,-0.5,0.2,-0.6,0.8,-0.6,0.1,-0.5,1.1,-0.3,0.2,-0.6,0.7,-0.8,0.0,-0.5,1.0,-0.3,0.4,-0.6,0.9,-0.7,0.1,-0.5,1.0,-0.3,0.1,-0.7,0.5,-0.9,-0.1,-0.4,1.1,0.5,0.5,-0.2,0.4,-0.7,-0.1,-0.3,0.8,-0.2,0.3,-0.3,0.5,-0.7,0.0,-0.5,0.9,-0.9,0.1,-0.1,1.1,-0.9,0.1,-0.1,1.2,-1.0,0.0,-0.3,1.3,-1.5,0.0,-0.2,1.5,-1.0,0.1,-0.2,1.3,-1.2,0.0,-0.3,1.4,-0.9,0.1,-0.5,0.9,-1.0,0.1,-0.5,1.1,-0.4,0.3,-0.6,0.8,-0.7,0.0,-0.7,0.9,-0.3,-0.1,0.0,1.1,-0.7,-0.1,-0.1,-0.3,0.1,0.0,0.1,0.2,0.3,0.4,-0.2,-0.3,-0.3,0.1,-0.3,-0.3
82,Contributions to growth,5. Gross domestic final expenditure,...,...,...,...,...,...,...,...,...,...,...,...,...,...,...,...,...,...,...,...,...,...,...,...,...,...,...,...,...,...,...,...,...,...,...,...,...,...,...,...,...,...,...,...,...,...,...,...,...,...,...,...,...,...,...,...,...,...,...,...,...,...,...,...,...,...,...,...,...,...,...,...,...,...,...,...,...,...,...,...,...,...,...,...,...,...,...,...,...,...,...,...,...,...,...,...,...,...,...,...,...,...,...,...,...,...,...,...,...,...,...,...,...,...,...,...,...,...,...,...
83,Contributions to growth,6. Exports of goods and services,...,...,...,...,...,0.2,0.2,2.3,-0.4,0.3,-0.3,1.4,-4.4,6.0,0.4,-2.1,0.8,0.8,-0.9,1.1,-2.1,1.4,2.4,-1.9,2.5,-2.1,1.3,1.8,3.7,0.5,-0.9,-0.2,-0.3,-2.9,1.7,-0.7,0.8,-2.1,2.9,-0.2,0.1,3.5,-2.9,0.2,-2.9,0.9,-2.0,0.4,9.5,-0.5,-2.5,10.6,-9.0,5.6,-4.8,1.7,10.8,-2.8,3.9,-3.1,0.7,2.6,-0.2,2.5,-1.7,0.2,4.4,-0.5,0.9,0.6,2.4,-2.3,0.8,-0.4,5.0,0.2,-4.5,0.0,4.3,-3.4,-0.6,4.9,-1.8,0.6,-1.8,4.3,3.4,-1.2,-8.3,3.9,-1.8,3.4,-3.5,-0.8,0.2,-1.7,5.3,-4.7,-1.6,0.3,-3.2,-12.9,3.0,2.0,1.4,2.4,4.0,3.7,2.1,1.6,1.9,0.1,5.0,0.6,-0.2,-0.5,-2.8,0.0,-0.5,1.1
84,Contributions to growth,"6.1 Goods, fob",...,...,...,...,...,...,...,...,...,...,...,...,...,...,...,...,...,...,...,...,...,...,...,...,...,...,...,...,...,...,...,...,...,...,...,...,...,...,...,...,...,...,...,...,...,...,...,...,...,...,...,...,...,...,...,...,...,...,...,...,...,...,...,...,...,...,...,...,...,...,...,...,...,...,...,...,...,...,...,...,...,...,...,...,...,...,...,...,...,...,...,...,...,...,...,...,...,...,...,...,...,...,...,...,...,...,...,...,...,...,...,...,...,...,...,...,...,...,...,...
85,Contributions to growth,6.2 Services,...,...,...,...,...,...,...,...,...,...,...,...,...,...,...,...,...,...,...,...,...,...,...,...,...,...,...,...,...,...,...,...,...,...,...,...,...,...,...,...,...,...,...,...,...,...,...,...,...,...,...,...,...,...,...,...,...,...,...,...,...,...,...,...,...,...,...,...,...,...,...,...,...,...,...,...,...,...,...,...,...,...,...,...,...,...,...,...,...,...,...,...,...,...,...,...,...,...,...,...,...,...,...,...,...,...,...,...,...,...,...,...,...,...,...,...,...,...,...,...
86,Contributions to growth,7. Imports of goods and services,...,...,...,...,...,-1.6,-1.3,-3.5,5.9,-2.8,-1.1,-2.1,-3.8,2.2,-2.1,1.5,2.1,-4.0,1.2,0.7,0.0,-3.3,1.0,-0.2,-2.4,7.5,-2.1,4.3,-7.5,1.2,-0.6,1.0,0.5,-1.7,-2.6,2.1,-2.0,-2.2,0.6,-2.0,-5.0,-2.5,-3.1,-1.1,0.5,3.1,2.0,-5.4,1.9,-2.5,1.2,-3.4,5.0,3.5,1.9,11.1,-10.4,0.3,-1.3,0.7,-4.9,1.8,-2.2,-2.1,1.7,1.1,-2.6,-3.6,-2.3,0.1,1.2,1.5,-0.7,-1.7,-0.5,-0.7,-0.5,0.1,-4.4,3.0,-1.6,0.2,0.8,-4.3,1.4,-0.4,0.5,-0.4,5.4,-5.6,1.7,-0.8,3.8,-1.3,1.2,1.7,-1.8,0.1,-0.2,1.9,0.1,9.7,-2.8,-1.1,-3.7,-2.3,-3.9,-4.7,0.5,-0.4,-2.9,-0.9,0.5,-0.2,-0.9,0.2,0.6,-0.3,0.5,-4.3
87,Contributions to growth,"7.1 Goods, fob",...,...,...,...,...,...,...,...,...,...,...,...,...,...,...,...,...,...,...,...,...,...,...,...,...,...,...,...,...,...,...,...,...,...,...,...,...,...,...,...,...,...,...,...,...,...,...,...,...,...,...,...,...,...,...,...,...,...,...,...,...,...,...,...,...,...,...,...,...,...,...,...,...,...,...,...,...,...,...,...,...,...,...,...,...,...,...,...,...,...,...,...,...,...,...,...,...,...,...,...,...,...,...,...,...,...,...,...,...,...,...,...,...,...,...,...,...,...,...,...
88,Contributions to growth,7.2 Services,...,...,...,...,...,...,...,...,...,...,...,...,...,...,...,...,...,...,...,...,...,...,...,...,...,...,...,...,...,...,...,...,...,...,...,...,...,...,...,...,...,...,...,...,...,...,...,...,...,...,...,...,...,...,...,...,...,...,...,...,...,...,...,...,...,...,...,...,...,...,...,...,...,...,...,...,...,...,...,...,...,...,...,...,...,...,...,...,...,...,...,...,...,...,...,...,...,...,...,...,...,...,...,...,...,...,...,...,...,...,...,...,...,...,...,...,...,...,...,...
89,Contributions to growth,8. Gross Domestic Product,...,...,...,...,...,0.4,-1.8,2.5,4.0,0.6,-1.2,2.9,-2.4,9.9,-0.3,3.4,-0.3,-2.6,0.9,4.6,-0.2,0.8,3.2,-0.8,0.0,3.2,-2.2,6.3,-6.6,3.8,-0.5,2.3,1.0,-3.0,0.5,3.3,3.8,-1.1,4.7,1.4,-3.0,7.3,0.3,1.8,-0.3,3.8,0.1,1.2,2.1,4.5,-0.6,4.8,-2.7,2.5,-5.1,5.6,-10.1,-0.5,2.3,-0.6,-6.4,4.0,-1.6,4.0,-4.8,3.0,1.9,1.8,-3.8,1.5,0.9,1.6,0.4,1.4,0.2,3.5,-3.1,-0.1,4.0,-0.4,-1.9,6.2,-0.7,1.8,-3.2,7.1,1.7,3.6,-4.3,3.7,-0.4,3.7,-0.1,2.5,-1.6,2.0,0.4,0.5,-1.7,2.6,-5.2,-7.4,4.4,2.2,-1.4,3.4,4.5,-1.0,2.7,4.7,-0.1,1.3,3.0,2.6,-2.4,-1.1,1.7,1.7,-1.4,-1.4
90,"Volume changes, seasonally adjusted",1. Private final consumption,...,...,...,...,5.1,5.4,4.5,5.1,5.1,6.2,7.5,6.4,11.2,10.2,12.7,13.0,10.9,8.3,5.8,4.4,2.8,5.1,4.0,3.9,1.4,-2.7,-4.0,-5.7,-4.7,-1.5,0.9,2.6,5.7,5.1,5.8,7.0,6.5,6.4,6.9,8.7,8.8,13.7,13.1,11.1,11.0,4.1,0.6,0.2,-0.1,6.0,10.6,10.1,8.4,-3.7,-9.2,-21.1,-20.5,-15.2,-11.3,-0.5,-0.5,-2.1,-0.8,2.4,0.5,4.4,2.3,1.4,2.3,2.2,1.4,1.5,1.6,0.0,1.4,1.2,1.7,2.9,3.3,3.7,4.1,4.2,4.1,5.5,6.9,7.4,5.7,6.9,6.9,8.3,9.4,7.4,6.0,5.2,4.6,3.6,2.4,1.5,2.1,1.0,0.9,-8.5,-1.6,-3.3,0.3,9.4,6.4,12.0,8.7,12.8,6.4,5.7,4.5,0.6,-0.5,-2.5,0.2,-0.3,1.6,1.1
91,"Volume changes, seasonally adjusted",2. Government final consumption,...,...,...,...,0.8,0.8,1.2,1.1,1.6,2.7,1.7,4.0,6.4,4.9,5.2,3.3,3.6,4.8,4.7,7.1,3.9,4.6,8.5,4.9,8.3,6.9,2.1,4.3,3.7,4.3,6.3,6.6,3.5,2.5,1.5,0.5,2.0,2.5,2.9,2.1,3.5,4.6,5.4,6.2,5.8,3.7,5.6,5.4,5.6,8.9,-2.8,4.3,4.9,0.9,6.9,8.9,-2.0,-0.4,-0.2,-9.1,-3.8,-5.1,-2.4,-2.4,0.6,0.7,-0.6,-1.1,-3.3,-2.0,-0.8,-0.3,2.3,1.7,0.0,-0.5,-0.3,-0.8,-0.1,0.1,-0.9,-0.2,-0.6,1.3,0.5,0.5,2.0,0.5,2.6,3.5,2.4,3.2,3.8,4.0,5.1,6.0,3.8,4.3,4.0,3.5,6.7,5.2,4.6,4.3,1.6,2.3,2.9,2.4,2.9,2.3,2.0,2.2,2.0,1.9,1.5,2.0,2.1,2.7,2.9,2.2
92,"Volume changes, seasonally adjusted",3. Gross fixed capital formation,...,...,...,...,23.3,23.5,21.7,20.9,9.6,11.0,12.2,11.9,33.7,29.3,28.0,31.4,-4.2,-3.0,-1.0,-5.0,13.0,14.9,10.7,9.2,2.1,-5.8,-4.1,-7.5,-19.5,-12.3,-8.9,-8.4,7.9,9.4,9.6,10.0,20.6,27.0,25.1,32.4,21.2,20.8,41.1,36.5,39.7,27.6,8.9,23.3,-14.3,-1.7,1.0,-26.7,-0.6,-22.9,-24.9,-23.4,-59.8,-47.2,-48.0,-31.1,0.7,-8.5,-11.8,-12.2,3.6,3.5,8.4,26.5,28.6,19.3,0.4,-18.7,-11.3,11.5,-0.5,9.7,19.3,-8.2,47.1,14.5,20.6,28.5,6.4,32.5,17.1,25.7,15.8,13.9,5.5,12.9,20.9,3.5,9.0,5.8,-5.8,1.1,-14.7,-7.4,5.6,0.4,6.9,-12.8,-14.0,-6.9,2.7,17.1,25.1,12.4,22.4,12.6,10.7,19.9,6.8,9.7,3.8,-2.7,5.4,6.4,2.1,16.2
93,"Volume changes, seasonally adjusted",3.1 Business sector investment,...,...,...,...,43.2,43.3,43.2,41.5,18.5,21.0,22.8,21.1,46.7,38.8,36.0,39.9,-7.1,-5.8,-3.1,-8.8,13.2,16.7,10.0,7.4,-2.2,-13.9,-11.4,-14.3,-27.2,-16.5,-11.6,-13.3,14.6,16.5,16.5,20.1,21.5,32.9,32.9,37.3,37.7,34.2,63.3,61.2,49.6,32.3,6.3,27.2,-26.8,-9.3,-4.8,-41.7,1.3,-28.9,-29.0,-20.9,-69.6,-50.0,-55.0,-25.5,24.8,-3.3,-2.8,-14.9,16.5,-53.6,21.2,36.1,41.7,216.5,-0.5,-21.9,-18.7,2.3,-9.3,6.9,19.9,-10.2,69.6,20.7,31.0,47.5,12.1,46.2,25.1,29.4,19.0,9.3,-1.1,10.2,16.1,2.0,0.7,1.2,-14.6,-20.7,-30.6,-23.5,-1.8,7.4,10.5,-14.3,-24.3,-13.4,1.0,21.7,44.4,16.4,40.3,21.1,13.2,42.4,12.2,16.4,12.0,-7.3,3.9,6.5,-2.7,20.0
94,"Volume changes, seasonally adjusted",3.2 Residential construction,...,...,...,...,11.4,10.4,6.2,2.8,-8.4,-10.0,-10.5,-10.0,-1.5,0.0,2.1,3.4,-1.1,0.5,1.1,2.2,10.2,10.9,13.8,16.1,15.5,14.9,11.9,7.7,9.1,10.6,12.8,17.2,6.7,5.1,3.0,0.5,12.0,12.9,14.8,17.0,9.5,11.9,13.0,13.1,20.5,16.8,15.6,14.2,13.1,14.9,12.1,11.2,-7.7,-17.8,-25.7,-35.5,-55.6,-55.8,-56.3,-55.0,-29.7,-24.2,-14.3,1.2,5.4,9.4,8.9,-1.7,6.8,7.4,4.2,10.4,2.7,4.0,17.8,17.3,26.7,24.7,8.1,3.7,-2.7,-8.2,-1.6,4.2,-0.2,29.0,9.7,63.4,32.3,15.9,45.9,1.0,33.1,22.9,-2.2,14.3,25.4,35.3,50.9,16.8,5.5,-7.6,-0.4,3.6,-2.2,3.8,-5.5,-6.0,-3.8,-6.5,-3.8,-7.3,-9.4,-3.7,-1.3,6.1,17.1,14.7,19.5,20.6
95,"Volume changes, seasonally adjusted",3.3 Government services,...,...,...,...,-3.6,-3.1,-4.4,-4.3,4.1,5.0,6.7,7.2,26.2,25.5,25.7,27.3,3.8,4.4,4.5,3.3,14.5,12.3,10.6,9.9,6.2,5.8,6.3,1.8,-18.3,-18.1,-18.5,-15.6,-7.9,-4.8,-1.4,-5.8,28.0,25.2,12.6,35.4,-13.5,-13.4,-5.2,-18.1,21.9,19.3,15.7,14.6,16.4,18.1,18.1,19.7,1.9,-4.3,-5.4,-14.8,-30.1,-27.8,-14.6,-24.7,-13.9,-10.2,-28.2,-13.9,-27.5,144.1,-25.4,16.4,1.9,-71.4,1.6,-23.9,11.7,66.1,15.5,12.3,11.0,-23.0,17.7,3.5,5.2,-1.2,-10.6,4.0,-3.9,3.4,4.8,-6.1,17.9,26.4,22.5,14.2,19.7,10.5,35.0,94.9,-3.8,14.6,-12.5,-29.0,-0.5,-15.9,2.5,-0.6,16.8,22.1,17.0,28.0,9.2,10.3,20.4,-10.5,7.7,1.2,-17.9,6.9,-1.2,-3.5,2.3,-2.7
96,"Volume changes, seasonally adjusted",4. Changes in inventories,...,...,...,...,.,.,.,.,.,.,.,.,.,.,.,.,.,.,.,.,.,.,.,.,.,.,.,.,.,.,.,.,.,.,.,.,.,.,.,.,.,.,.,.,.,.,.,.,.,.,.,.,.,.,.,.,.,.,.,.,.,.,.,.,.,.,.,.,.,.,.,.,.,.,.,.,.,.,.,.,.,.,.,.,.,.,.,.,.,.,.,.,.,.,.,.,.,.,.,.,.,.,.,.,.,.,.,.,.,.,.,.,.,.,0.0,.,.,.,.,.
97,"Volume changes, seasonally adjusted",5. Gross domestic final expenditure,...,...,...,...,6.7,6.9,6.1,6.6,5.0,6.4,7.3,7.2,15.4,13.5,14.6,15.1,5.5,4.6,3.8,2.6,5.6,7.7,6.7,5.3,2.5,-2.2,-3.4,-4.4,-6.3,-2.3,0.3,1.4,5.6,5.1,5.2,5.9,8.5,10.1,9.8,11.7,9.2,12.1,17.0,16.0,17.9,11.5,5.3,8.7,-3.2,3.7,4.2,-3.5,5.5,-7.6,-10.0,-14.6,-26.7,-20.1,-18.6,-10.8,-1.7,-4.2,-3.0,-1.3,1.3,3.7,2.8,5.1,4.8,3.7,0.5,-3.3,-1.0,2.1,0.5,2.0,4.1,0.0,9.4,4.8,5.8,7.2,3.1,9.4,7.5,9.6,6.9,6.8,5.3,7.8,9.9,5.4,6.4,5.4,2.6,3.7,-1.4,-0.6,2.8,1.1,3.6,-5.9,-2.5,-1.7,1.2,9.3,9.1,9.1,9.7,9.8,6.3,8.2,5.0,3.8,1.7,-1.1,1.6,1.6,1.3,4.5
98,"Volume changes, seasonally adjusted",6. Exports of goods and services,...,...,...,...,4.4,5.0,10.5,12.5,5.9,6.4,4.7,2.3,-9.3,6.9,9.2,-1.1,15.3,-0.7,-4.6,4.6,-0.6,1.6,12.1,2.5,14.3,2.5,-0.4,11.3,2.5,10.7,3.7,-2.1,4.8,-4.8,2.4,0.7,4.3,6.3,10.3,11.9,3.1,21.3,2.0,3.1,-0.6,-7.2,-5.8,-4.9,18.6,13.3,12.7,49.5,-0.3,19.4,11.9,-12.5,18.1,-5.6,18.1,5.1,-5.7,5.3,-3.4,8.2,3.9,-0.9,8.3,2.4,6.1,6.8,2.6,-0.7,4.6,2.7,7.5,12.4,5.7,6.5,5.2,-1.5,5.8,15.6,3.5,11.3,7.3,6.3,16.9,13.2,7.9,7.9,-2.1,7.2,8.8,-1.2,2.9,-7.7,1.8,-6.7,-10.5,-6.2,-21.2,-41.3,-32.6,-28.7,-19.2,28.9,30.1,31.3,31.7,28.0,19.9,11.8,11.5,8.8,3.5,1.8,-0.8,-2.4,-3.2,1.4
99,"Volume changes, seasonally adjusted","6.1 Goods, fob",...,...,...,...,10.1,2.9,7.5,10.3,2.7,1.9,4.3,-2.3,-19.3,2.9,10.1,-5.6,21.6,1.0,-8.8,9.2,-4.7,-6.7,7.3,-5.3,8.4,0.2,-4.4,14.2,4.1,19.7,12.8,-4.9,7.0,-8.2,-3.0,-0.3,8.2,5.0,9.7,16.1,-9.9,22.2,-6.4,-9.9,2.9,-11.9,-3.7,-7.7,10.0,-0.8,2.1,63.7,-2.9,48.8,27.3,-13.2,37.7,-14.7,18.0,4.8,-16.7,2.7,-6.3,4.0,5.8,-7.4,8.7,3.8,5.4,10.5,-1.1,0.2,2.7,-1.4,8.1,5.3,4.4,9.8,1.4,-3.6,1.1,7.0,-3.6,8.7,0.3,2.4,7.9,4.2,-3.3,7.6,-2.1,1.8,17.8,-3.0,1.9,0.9,9.0,-2.7,-6.4,-2.9,-16.9,-12.1,2.7,-0.4,6.7,16.7,4.9,2.7,2.1,-2.2,3.9,1.8,2.6,0.2,-0.7,2.6,-1.2,5.8,0.0,1.9
100,"Volume changes, seasonally adjusted",6.2 Services,...,...,...,...,-9.0,10.8,17.6,18.6,15.1,17.6,5.5,13.5,15.6,15.5,7.3,8.4,4.2,-4.2,4.5,-4.0,7.6,18.7,21.2,18.7,25.1,6.3,6.4,6.6,-0.1,-3.3,-10.5,2.9,1.0,1.6,12.8,2.2,-1.7,8.3,11.2,5.6,25.4,20.0,14.4,23.9,-5.0,-0.1,-8.4,-1.6,31.1,34.0,27.7,33.3,3.3,-15.4,-6.8,-12.2,-7.2,13.9,18.3,5.6,13.1,7.8,0.6,12.8,1.8,8.0,7.3,0.6,7.0,2.5,8.0,-2.0,7.1,7.7,6.6,22.5,7.3,2.7,10.4,0.8,11.2,25.5,11.7,14.1,14.9,10.5,26.4,23.0,17.6,8.5,-2.4,11.6,2.4,0.3,3.7,-14.3,-4.4,-10.3,-13.8,-9.6,-25.5,-69.8,-65.4,-57.7,-47.8,63.6,98.1,98.4,99.9,90.8,45.5,26.7,23.5,20.4,9.2,1.2,-0.1,-10.6,-6.3,1.4
101,"Volume changes, seasonally adjusted",7. Imports of goods and services,...,...,...,...,6.2,14.0,21.5,16.8,5.4,9.1,8.6,4.6,36.7,19.7,22.3,11.3,-4.7,11.5,2.5,4.6,8.5,6.4,6.9,9.5,10.5,-17.6,-9.9,-21.5,-14.4,1.9,-2.8,7.8,1.7,10.2,16.1,13.2,15.6,16.7,7.3,19.4,23.7,23.3,34.0,30.1,24.5,10.0,-2.0,8.6,-10.8,1.2,3.1,-1.7,-0.3,-14.3,-16.6,-47.5,-33.9,-27.9,-21.1,13.9,2.3,-1.2,0.7,7.5,4.0,5.9,6.7,10.2,10.5,13.0,3.7,-7.1,-5.5,-1.8,1.7,6.4,11.1,6.9,15.3,6.9,15.4,15.1,3.9,20.5,15.5,16.8,17.7,8.8,3.5,16.5,13.2,14.1,7.7,-2.0,-1.2,-7.2,-8.3,-11.3,-8.1,-8.6,-7.7,-31.1,-25.1,-18.6,-9.6,29.1,30.5,39.2,29.8,23.3,19.6,10.6,2.3,1.8,-2.6,-5.1,1.1,1.5,-2.2,10.6
102,"Volume changes, seasonally adjusted","7.1 Goods, fob",...,...,...,...,13.3,10.3,24.0,16.3,1.8,9.9,7.0,2.6,41.8,20.3,21.9,12.9,-6.1,14.0,3.8,-0.5,6.8,-0.8,1.4,7.8,8.9,-20.1,-12.0,-21.2,-17.2,3.1,-0.8,8.2,-4.1,9.8,15.7,9.5,19.7,20.5,9.9,21.5,23.9,19.8,31.9,23.3,27.5,16.1,0.1,23.1,-11.9,-3.9,0.4,-6.7,2.2,-10.0,-14.1,-50.2,-38.8,-32.5,-26.1,12.7,0.7,-8.0,-0.2,6.0,4.6,7.6,3.2,11.5,10.0,10.8,2.4,-11.7,-7.0,0.0,2.8,3.6,10.0,5.1,18.5,5.6,21.7,22.2,2.6,31.1,17.0,18.5,14.8,6.2,-1.2,13.3,17.1,16.5,7.3,-4.7,-5.7,-8.5,-9.3,-9.5,-4.1,-7.9,-3.1,-21.5,-13.3,-6.0,0.3,28.4,23.5,25.9,17.3,5.7,11.1,9.0,-1.6,2.7,-4.0,-6.9,-2.1,3.5,-3.0,14.3
103,"Volume changes, seasonally adjusted",7.2 Services,...,...,...,...,-10.2,24.5,15.5,18.2,15.9,7.0,12.7,10.3,24.4,18.1,23.2,7.2,-0.8,5.5,-0.6,17.5,12.9,24.8,19.7,12.9,14.2,-12.0,-5.5,-22.0,-7.8,-0.6,-6.6,7.0,13.2,11.1,16.9,20.7,8.8,9.8,2.4,15.6,23.3,30.4,38.4,43.4,18.4,-2.1,-6.6,-16.7,-8.2,13.3,9.3,11.3,-5.4,-23.3,-21.9,-41.6,-22.7,-16.8,-9.4,16.3,4.7,11.3,2.3,9.9,3.0,3.4,12.7,7.9,11.3,16.9,6.0,1.3,-3.1,-4.6,0.0,10.9,12.9,9.8,10.0,8.9,5.2,4.0,6.2,5.2,12.8,13.8,22.4,13.4,12.1,22.5,7.0,10.2,8.5,2.8,6.6,-4.8,-6.5,-14.5,-14.8,-9.8,-15.7,-48.6,-46.6,-41.2,-28.6,31.4,50.9,76.5,63.1,70.3,40.1,14.5,10.7,1.2,0.2,-1.6,6.9,-2.3,-0.5,3.2
104,"Volume changes, seasonally adjusted",8. Gross Domestic Product,...,...,...,...,6.1,4.0,3.0,5.1,5.2,5.4,6.1,6.4,-0.2,9.0,10.0,10.6,13.0,0.1,1.4,2.5,2.6,6.2,8.5,2.9,3.1,5.6,0.1,7.3,0.2,0.9,2.6,-1.3,6.7,-0.3,0.6,1.7,4.6,6.6,11.1,9.1,1.9,10.5,5.9,6.3,9.3,5.8,5.5,4.9,7.4,8.1,7.2,11.1,5.9,3.9,-0.7,0.0,-7.6,-10.3,-3.4,-9.1,-5.3,-1.0,-4.7,-0.3,1.4,0.4,3.9,1.7,2.8,1.3,0.2,0.1,4.5,4.4,3.7,5.6,1.9,0.4,4.2,0.3,1.5,7.9,3.0,5.3,3.9,4.7,7.3,9.2,8.0,4.5,2.3,2.4,6.9,5.7,4.4,2.7,3.2,1.3,1.2,1.8,-3.9,-11.5,-6.0,-6.4,-2.6,8.8,8.9,5.5,9.9,11.2,6.3,8.8,9.1,7.0,4.6,2.1,0.8,-0.1,0.9,0.6
105,"Current prices, seasonally adjusted",1. Private final consumption,63718,65098,66322,68065,68860,70590,71447,73506,73485,75712,77363,79223,82754,84925,87972,89637,92970,93656,96919,98850,100910,104608,106521,108237,108572,109473,111237,111973,112896,114890,116570,117502,120740,121485,124712,127613,131882,133912,138318,143891,147176,153989,157191,161595,168172,172353,173012,177107,180656,190815,197317,202512,209539,209003,209588,195362,200852,205712,214297,213936,216803,212347,216156,219111,219797,226715,232604,236198,239814,247013,247130,252490,255857,255494,259111,263358,265585,269107,276478,279575,279518,283725,288963,295911,303836,310396,308026,315465,322421,327610,332664,340815,345880,354412,360016,369874,370657,378802,386353,382542,385491,353217,394905,388346,400856,398941,434485,452783,456781,481088,497891,516197,527430,534380,534059,544591,558922,561138,571704,574759
106,"Current prices, seasonally adjusted",2. Government final consumption,23843,24248,24712,25103,25437,25863,26417,26768,26975,27684,27945,28982,31200,31626,32605,32855,34509,35379,35926,37714,38171,39491,41514,42015,43573,45421,46690,48456,50770,51618,52733,54300,54165,54907,55737,56607,57432,58432,59574,60340,61850,63749,66096,67886,71025,72836,75774,78294,80831,83787,78724,86819,89629,92503,94394,109144,100235,102186,102751,106367,102215,103084,105545,106389,106878,108789,111256,112133,111746,113642,114800,116603,118587,119921,120348,120877,123364,125257,126898,127792,131069,132514,136214,141574,140340,143244,146405,148029,152039,155174,157510,160820,165731,169326,173442,178261,180328,184123,187642,191946,198155,203336,207469,213274,216671,221453,227039,231411,239467,245748,252831,257981,261791,268832,273947,280280,286835,290665,296596,302212
107,"Current prices, seasonally adjusted",3. Gross fixed capital formation,19306,19961,20082,21433,24700,25447,25390,26951,28017,28996,29000,30754,38073,38604,37755,40724,37228,38024,38299,39468,42215,43993,43359,44668,46308,45702,46678,47207,41291,42290,42536,43073,44547,46497,48333,48529,53967,60612,61845,65056,66493,73715,86692,87369,96554,104278,107573,125615,93708,106800,111399,96190,100200,99412,104513,99118,50062,61733,62800,74765,56565,60120,56865,63173,58020,64635,64456,84127,76987,79539,65805,72579,72072,87671,67566,80073,86066,81908,98744,91265,106440,109232,108000,123084,123718,139161,126115,136922,127794,148471,150356,148599,146818,166770,148968,158508,132047,167439,167058,164415,149135,155524,153173,163687,163735,188823,201503,193882,213472,228020,246312,254531,257972,278719,271520,268818,282553,312615,297591,326560
108,"Current prices, seasonally adjusted",3.1 Business sector investment,9616,10051,9908,10984,14242,14838,14654,16022,17400,18231,18087,19675,25612,25964,24938,27538,24254,24775,24743,25552,27330,28738,27672,28432,28951,27757,28021,28215,23093,23774,23645,23651,26077,27465,28540,28632,31221,37092,38389,39282,43098,49554,61516,61397,66727,73334,75169,92221,55841,68058,72081,55727,60858,60002,66181,62541,23126,36538,34948,51492,33834,37006,34529,40748,37906,17778,43571,58378,54588,57045,43463,48363,47215,56645,40704,51572,56290,51835,68199,61528,75584,79835,78174,90766,92266,102351,92478,94106,87331,104581,104397,101045,92819,112040,93402,85052,68308,94716,97929,93923,81034,88596,81794,89408,88584,110942,122569,107712,131016,142241,152981,168120,168698,186898,181857,170956,181494,210118,191760,214496
109,"Current prices, seasonally adjusted",3.2 Residential construction,4677,4808,4983,5151,5432,5500,5541,5587,5175,5179,5167,5182,5322,5358,5415,5502,5376,5482,5612,5782,6071,6310,6609,6936,7337,7712,8148,8573,9297,9668,10034,10422,10126,10459,10794,11178,11939,12389,12908,13491,13613,14249,14973,15746,17301,18127,19224,20102,21614,22361,22922,23716,21456,21177,19853,18417,11452,10249,9561,8849,8523,8619,8840,9559,9529,9938,10311,10188,10955,11341,11155,11537,11517,12025,13435,13827,14789,15183,14582,14392,14555,14128,14801,15598,15221,20349,17371,26628,21005,23228,25873,28436,29677,30427,26995,34421,39096,43134,42804,41823,42551,41189,43536,44583,43874,45141,44516,45948,46154,46659,47408,46608,45567,48314,49534,52313,56033,58335,62229,65849
110,"Current prices, seasonally adjusted",3.3 Government services,5013,5101,5191,5298,5026,5108,5195,5342,5442,5586,5746,5897,7139,7282,7401,7684,7598,7767,7944,8134,8814,8946,9078,9300,10020,10233,10508,10419,8901,8848,8857,8999,8344,8573,8999,8719,10807,11131,10548,12283,9781,9912,10203,10227,12526,12817,13180,13292,16254,16381,16396,16748,17886,18233,18480,18160,15483,14946,18291,14425,14208,14496,13496,12866,10584,36919,10575,15561,11444,11154,11187,12680,13339,19002,13427,14674,14988,14890,15963,15344,16301,15269,15026,16720,16230,16460,16266,16187,19458,20662,20086,19118,24322,24303,28572,39035,24644,29589,26325,28668,25550,25738,27844,29696,31277,32739,34418,40222,36303,39120,45923,39804,43707,43506,40130,45548,45026,44161,43602,46215
111,"Current prices, seasonally adjusted",4. Changes in inventories,634,848,879,691,223,111,-65,-243,-81,-87,147,123,343,416,154,-7,248,95,-58,-166,293,235,-30,2173,-1800,-6,217,-579,-186,-88,205,88,2,90,53,-1377,148,137,-834,169,-770,-2839,-1674,-2544,-308,1937,3488,3007,-121,1309,-121,1024,1019,705,5507,3167,5629,8392,-9388,-4780,-3135,-1484,666,1038,2136,1879,-454,245,1189,-2172,896,695,-300,-34,-1259,-1014,-25702,4578,666,21823,1997,1740,-1582,-523,2413,689,187,436,-2164,-2812,6465,-2309,7700,2416,-4984,2608,-6855,1366,131,3,-245,1524,2201,-314,442,1115,123,2975,5690,319,3426,220,29545,-241,1075,-775,-225,973,10,6385
112,"Current prices, seasonally adjusted",5. Gross domestic final expenditure,107501,110154,111995,115292,119221,122011,123188,126981,128396,132304,134455,139083,152369,155572,158486,163210,164954,167154,171086,175867,181589,188328,191363,197093,196653,200589,204821,207057,204770,208710,212044,214963,219454,222979,228835,231372,243429,253093,258903,269456,274748,288614,308306,314306,335443,351404,359847,384023,355074,382711,387318,386544,400387,401623,414003,406791,356777,378024,370460,390289,372448,374067,379231,389712,386831,402018,407862,432703,429735,438022,428631,442368,446216,463053,445765,463293,449314,480850,502786,520454,519025,527210,531595,560045,570306,593489,580733,600851,600091,628442,646995,647925,666129,692924,677443,709251,676177,731730,741184,738905,732536,713600,757749,764993,781704,810333,863150,881052,915410,955175,1000461,1028929,1076738,1081690,1080601,1092914,1128085,1165390,1165901,1209917
113,"Current prices, seasonally adjusted",6. Exports of goods and services,40964,40441,38652,41232,43896,42858,43264,46769,46819,47217,46821,49864,44987,53440,54018,51314,52295,53648,51658,53278,53004,55135,60050,59793,68397,70708,74967,82296,80517,77686,72762,72385,75322,67090,72381,71216,77701,74580,81961,80272,77996,87317,79321,77599,83154,100681,94635,94216,117542,108792,99551,129590,120903,169550,156191,193982,179890,183579,215992,212913,214422,221705,211555,222155,223763,235273,258630,245068,249972,255233,256261,252008,264554,244822,269490,270193,251543,253824,289238,280268,297716,317286,295287,283304,283606,302762,313960,292497,280520,300387,301621,325698,318636,320170,332366,338424,357371,328402,319791,317243,293052,206309,229088,247246,248464,274605,329077,370256,398946,438603,474879,465854,477714,477325,467685,462048,465125,475241,485703,493861
114,"Current prices, seasonally adjusted","6.1 Goods, fob",29202,29833,27442,30169,32621,30537,29419,33065,33308,32296,31861,33815,29002,35848,37578,33497,35197,36136,33750,35902,34439,34301,37510,37341,42077,43193,46107,52894,50587,50989,47245,44157,46782,40722,43087,41728,48936,44639,49083,49252,43530,53175,43379,42002,48789,60866,56563,51635,67763,59611,54173,81372,66491,116491,99594,120102,108718,102975,127120,120903,120393,130169,123424,128283,130484,132220,156890,143233,142709,143831,144999,144937,145644,127365,148064,140306,130267,133240,156816,152072,161834,165415,149288,141362,132774,141036,139126,131318,115034,139015,134856,143868,145673,151552,154791,167441,179283,163837,154061,158377,153190,150559,164259,171149,170649,185901,200982,219664,235584,256109,272199,254861,250137,232494,230455,232971,226954,242500,246663,252057
115,"Current prices, seasonally adjusted",6.2 Services,11762,10609,11210,11063,11276,12321,13845,13704,13511,14921,14960,16049,15985,17592,16440,17817,17098,17512,17907,17376,18565,20834,22540,22452,26320,27515,28860,29401,29930,26697,25517,28228,28539,26368,29294,29488,28765,29941,32878,31020,34466,34142,35942,35597,34365,39814,38072,42581,49779,49181,45378,48218,54412,53059,56597,73880,71171,80604,88873,92010,94028,91536,88131,93872,93279,103053,101740,101835,107262,111402,111261,107071,118910,117457,121426,129887,121276,120584,132423,128196,135882,151871,145999,141941,150832,161726,174834,161179,165486,161372,166765,181831,172963,168617,177576,170983,178088,164565,165730,158866,139862,55750,64828,76097,77815,88705,128095,150592,163362,182494,202680,210994,227577,244831,237230,229077,238171,232740,239040,241804
116,"Current prices, seasonally adjusted",7. Imports of goods and services,-36021,-34970,-34232,-40168,-40171,-42104,-43529,-48551,-43454,-46168,-47252,-51362,-59277,-55501,-58125,-57086,-56147,-62606,-61019,-60449,-62743,-68878,-70150,-75022,-80718,-71486,-78739,-72269,-76643,-71553,-70920,-70581,-73422,-74919,-83152,-80423,-85980,-93022,-92525,-97446,-102998,-110586,-116803,-116392,-132125,-147564,-142826,-155173,-139891,-143382,-140218,-156682,-160211,-174672,-180964,-157958,-151532,-158348,-175791,-175863,-180618,-170427,-172201,-181082,-193355,-197695,-212195,-223894,-231252,-235735,-218155,-221927,-226604,-219417,-223656,-227562,-228726,-228338,-248507,-236347,-259140,-260768,-246054,-254659,-265349,-267380,-252926,-240493,-251561,-275185,-274229,-288745,-285218,-301550,-303750,-320769,-297664,-303890,-300622,-282527,-285590,-223402,-247553,-258862,-277506,-293297,-331216,-384075,-398214,-425663,-471914,-500412,-474294,-463396,-461142,-479270,-473964,-483606,-478336,-536853
117,"Current prices, seasonally adjusted","7.1 Goods, fob",-25053,-25956,-24349,-29717,-29601,-30139,-31485,-35568,-30719,-32930,-33402,-36467,-43057,-39487,-40616,-40657,-39664,-44974,-42898,-41056,-44168,-47107,-47648,-50884,-56464,-46493,-51710,-48149,-50734,-47054,-46798,-46896,-46190,-48616,-54122,-51507,-55677,-62424,-62512,-64688,-67916,-73469,-78850,-74341,-89984,-104465,-100022,-112513,-95276,-96850,-95226,-109119,-112006,-124470,-127945,-104039,-95443,-101679,-110951,-109158,-110814,-104116,-109422,-113872,-122683,-123956,-133603,-146017,-147635,-145575,-134504,-136604,-141653,-136982,-139143,-135457,-140480,-139589,-158528,-140065,-167014,-169138,-153931,-159835,-169253,-171813,-153101,-147820,-158019,-176980,-174002,-186176,-181500,-193446,-193060,-209030,-187909,-197468,-194376,-179577,-187210,-161567,-181753,-188548,-201157,-213579,-235252,-259866,-269745,-281709,-325922,-343262,-312661,-300448,-304871,-316361,-296683,-314759,-308526,-362691
118,"Current prices, seasonally adjusted",7.2 Services,-10968,-9014,-9884,-10451,-10570,-11965,-12044,-12982,-12735,-13239,-13850,-14895,-16219,-16014,-17509,-16429,-16483,-17632,-18122,-19393,-18576,-21772,-22502,-24138,-24253,-24993,-27029,-24119,-25909,-24499,-24122,-23685,-27232,-26303,-29030,-28916,-30303,-30598,-30014,-32757,-35082,-37116,-37953,-42052,-42141,-43099,-42803,-42660,-44615,-46533,-44991,-47563,-48205,-50201,-53019,-53919,-56090,-56668,-64840,-66704,-69804,-66310,-62779,-67209,-70672,-73739,-78593,-77877,-83617,-90160,-83652,-85323,-84951,-82435,-84513,-92105,-88247,-88749,-89979,-96282,-92126,-91630,-92123,-94824,-96096,-95568,-99825,-92673,-93543,-98205,-100228,-102569,-103718,-108104,-110690,-111739,-109755,-106422,-106246,-102949,-98380,-61836,-65800,-70314,-76350,-79718,-95965,-124209,-128469,-143954,-145992,-157150,-161633,-162948,-156271,-162909,-177281,-168847,-169810,-174163
119,"Current prices, seasonally adjusted",8. Gross Domestic Product,112444,115626,116415,116356,122946,122765,122924,125200,131762,133353,134024,137584,138080,153511,154378,157438,161103,158196,161725,168696,171850,174584,181263,181864,184332,199812,201049,217085,208644,214843,213886,216767,221354,215150,218064,222165,235150,234650,248338,252283,249746,265345,270824,275513,286471,304521,311657,323067,332726,348121,346652,359453,361079,396501,389231,442815,385135,403255,410662,427339,406251,425345,418585,430785,417238,439597,454297,453877,448455,457520,466737,472448,484165,488458,491599,505924,472131,506336,543517,564376,557601,583728,580828,588690,588562,628871,641766,652855,629050,653644,674387,684878,699546,711543,706060,726906,735885,756241,760352,773622,739998,696507,739284,753377,752663,791641,861010,867233,916142,968115,1003425,994371,1080157,1095619,1087144,1075692,1119246,1157025,1173267,1166925
